id,value
GailJoonAhn--AshishAmresh,N
GailJoonAhn--RonaldAskin,N
GailJoonAhn--RobertAtkinson,N
GailJoonAhn--JanakaBalasooriya,N
GailJoonAhn--AjayBansal,N
GailJoonAhn--SrividyaBansal,N
GailJoonAhn--ChittaBaral,N
GailJoonAhn--RidaBazzi,N
GailJoonAhn--HeniBenAmor,N
GailJoonAhn--NadyaBliss,N
GailJoonAhn--KSelcukCandan,N
GailJoonAhn--YinongChen,N
GailJoonAhn--CharlesColbourn,N
GailJoonAhn--JamesCollofello,N
GailJoonAhn--ParthaDasgupta,N
GailJoonAhn--HasanDavulcu,N
GailJoonAhn--AdamDoupe,Y
GailJoonAhn--GeorgiosFainekos,N
GailJoonAhn--AshrafGaffar,N
GailJoonAhn--KevinGary,N
GailJoonAhn--EsmaGel,N
GailJoonAhn--JavierGonzalezSanchez,N
GailJoonAhn--SandeepGupta,N
GailJoonAhn--DianneHansford,N
GailJoonAhn--JingruiHe,N
GailJoonAhn--DijiangHuang,Y
GailJoonAhn--SubbaraoKambhampati,N
GailJoonAhn--JoohyungLee,N
GailJoonAhn--YannHangLee,N
GailJoonAhn--BaoxinLi,N
GailJoonAhn--TimLindquist,N
GailJoonAhn--RossMaciejewski,N
GailJoonAhn--RyanMeuth,N
GailJoonAhn--PituMirchandani,N
GailJoonAhn--BrianNelson,N
GailJoonAhn--RongPan,N
GailJoonAhn--SethuramanPanchanathan,N
GailJoonAhn--PaoloPapotti,N
GailJoonAhn--GiuliaPedrielli,N
GailJoonAhn--FengboRen,N
GailJoonAhn--AndreaWRicha,N
GailJoonAhn--GeorgeRunger,N
GailJoonAhn--HessamSarjoughian,N
GailJoonAhn--MohamedSarwat,N
GailJoonAhn--ArunabhaSen,N
GailJoonAhn--PauloShakarian,N
GailJoonAhn--AviralShrivastava,N
GailJoonAhn--DanShunk,N
GailJoonAhn--VioletSyrotiuk,N
GailJoonAhn--HanghangTong,N
GailJoonAhn--KurtVanLehn,N
GailJoonAhn--JReneVillalobos,N
GailJoonAhn--SarmaVrudhula,N
GailJoonAhn--ErinWalker,N
GailJoonAhn--CaroleJeanWu,N
GailJoonAhn--TeresaWu,N
GailJoonAhn--GuoliangXue,N
GailJoonAhn--YezhouYang,N
GailJoonAhn--StephenSYau,N
AshishAmresh--RonaldAskin,N
AshishAmresh--RobertAtkinson,Y
AshishAmresh--JanakaBalasooriya,N
AshishAmresh--AjayBansal,N
AshishAmresh--SrividyaBansal,N
AshishAmresh--ChittaBaral,N
AshishAmresh--RidaBazzi,Y
AshishAmresh--HeniBenAmor,N
AshishAmresh--NadyaBliss,N
AshishAmresh--KSelcukCandan,N
AshishAmresh--YinongChen,N
AshishAmresh--CharlesColbourn,N
AshishAmresh--JamesCollofello,N
AshishAmresh--ParthaDasgupta,Y
AshishAmresh--HasanDavulcu,N
AshishAmresh--AdamDoupe,N
AshishAmresh--GeorgiosFainekos,N
AshishAmresh--AshrafGaffar,N
AshishAmresh--KevinGary,N
AshishAmresh--EsmaGel,N
AshishAmresh--JavierGonzalezSanchez,Y
AshishAmresh--SandeepGupta,N
AshishAmresh--DianneHansford,N
AshishAmresh--JingruiHe,N
AshishAmresh--DijiangHuang,N
AshishAmresh--SubbaraoKambhampati,N
AshishAmresh--JoohyungLee,N
AshishAmresh--YannHangLee,Y
AshishAmresh--BaoxinLi,N
AshishAmresh--TimLindquist,N
AshishAmresh--RossMaciejewski,N
AshishAmresh--RyanMeuth,N
AshishAmresh--PituMirchandani,N
AshishAmresh--BrianNelson,Y
AshishAmresh--RongPan,N
AshishAmresh--SethuramanPanchanathan,N
AshishAmresh--PaoloPapotti,Y
AshishAmresh--GiuliaPedrielli,N
AshishAmresh--FengboRen,N
AshishAmresh--AndreaWRicha,N
AshishAmresh--GeorgeRunger,N
AshishAmresh--HessamSarjoughian,N
AshishAmresh--MohamedSarwat,N
AshishAmresh--ArunabhaSen,N
AshishAmresh--PauloShakarian,N
AshishAmresh--AviralShrivastava,N
AshishAmresh--DanShunk,N
AshishAmresh--VioletSyrotiuk,N
AshishAmresh--HanghangTong,N
AshishAmresh--KurtVanLehn,Y
AshishAmresh--JReneVillalobos,N
AshishAmresh--SarmaVrudhula,N
AshishAmresh--ErinWalker,Y
AshishAmresh--CaroleJeanWu,N
AshishAmresh--TeresaWu,N
AshishAmresh--GuoliangXue,N
AshishAmresh--YezhouYang,N
AshishAmresh--StephenSYau,N
RonaldAskin--RobertAtkinson,N
RonaldAskin--JanakaBalasooriya,N
RonaldAskin--AjayBansal,N
RonaldAskin--SrividyaBansal,N
RonaldAskin--ChittaBaral,N
RonaldAskin--RidaBazzi,N
RonaldAskin--HeniBenAmor,N
RonaldAskin--NadyaBliss,N
RonaldAskin--KSelcukCandan,N
RonaldAskin--YinongChen,N
RonaldAskin--CharlesColbourn,N
RonaldAskin--JamesCollofello,N
RonaldAskin--ParthaDasgupta,N
RonaldAskin--HasanDavulcu,N
RonaldAskin--AdamDoupe,N
RonaldAskin--GeorgiosFainekos,N
RonaldAskin--AshrafGaffar,N
RonaldAskin--KevinGary,N
RonaldAskin--EsmaGel,Y
RonaldAskin--JavierGonzalezSanchez,N
RonaldAskin--SandeepGupta,N
RonaldAskin--DianneHansford,N
RonaldAskin--JingruiHe,N
RonaldAskin--DijiangHuang,N
RonaldAskin--SubbaraoKambhampati,N
RonaldAskin--JoohyungLee,N
RonaldAskin--YannHangLee,N
RonaldAskin--BaoxinLi,N
RonaldAskin--TimLindquist,N
RonaldAskin--RossMaciejewski,N
RonaldAskin--RyanMeuth,Y
RonaldAskin--PituMirchandani,N
RonaldAskin--BrianNelson,N
RonaldAskin--RongPan,N
RonaldAskin--SethuramanPanchanathan,N
RonaldAskin--PaoloPapotti,N
RonaldAskin--GiuliaPedrielli,Y
RonaldAskin--FengboRen,N
RonaldAskin--AndreaWRicha,N
RonaldAskin--GeorgeRunger,N
RonaldAskin--HessamSarjoughian,N
RonaldAskin--MohamedSarwat,N
RonaldAskin--ArunabhaSen,N
RonaldAskin--PauloShakarian,N
RonaldAskin--AviralShrivastava,N
RonaldAskin--DanShunk,Y
RonaldAskin--VioletSyrotiuk,N
RonaldAskin--HanghangTong,N
RonaldAskin--KurtVanLehn,N
RonaldAskin--JReneVillalobos,Y
RonaldAskin--SarmaVrudhula,N
RonaldAskin--ErinWalker,N
RonaldAskin--CaroleJeanWu,N
RonaldAskin--TeresaWu,N
RonaldAskin--GuoliangXue,N
RonaldAskin--YezhouYang,N
RonaldAskin--StephenSYau,N
RobertAtkinson--JanakaBalasooriya,N
RobertAtkinson--AjayBansal,N
RobertAtkinson--SrividyaBansal,N
RobertAtkinson--ChittaBaral,N
RobertAtkinson--RidaBazzi,Y
RobertAtkinson--HeniBenAmor,N
RobertAtkinson--NadyaBliss,N
RobertAtkinson--KSelcukCandan,N
RobertAtkinson--YinongChen,N
RobertAtkinson--CharlesColbourn,N
RobertAtkinson--JamesCollofello,N
RobertAtkinson--ParthaDasgupta,Y
RobertAtkinson--HasanDavulcu,N
RobertAtkinson--AdamDoupe,N
RobertAtkinson--GeorgiosFainekos,N
RobertAtkinson--AshrafGaffar,N
RobertAtkinson--KevinGary,N
RobertAtkinson--EsmaGel,N
RobertAtkinson--JavierGonzalezSanchez,Y
RobertAtkinson--SandeepGupta,N
RobertAtkinson--DianneHansford,N
RobertAtkinson--JingruiHe,N
RobertAtkinson--DijiangHuang,N
RobertAtkinson--SubbaraoKambhampati,N
RobertAtkinson--JoohyungLee,N
RobertAtkinson--YannHangLee,Y
RobertAtkinson--BaoxinLi,N
RobertAtkinson--TimLindquist,N
RobertAtkinson--RossMaciejewski,N
RobertAtkinson--RyanMeuth,N
RobertAtkinson--PituMirchandani,N
RobertAtkinson--BrianNelson,Y
RobertAtkinson--RongPan,N
RobertAtkinson--SethuramanPanchanathan,N
RobertAtkinson--PaoloPapotti,Y
RobertAtkinson--GiuliaPedrielli,N
RobertAtkinson--FengboRen,N
RobertAtkinson--AndreaWRicha,N
RobertAtkinson--GeorgeRunger,N
RobertAtkinson--HessamSarjoughian,N
RobertAtkinson--MohamedSarwat,N
RobertAtkinson--ArunabhaSen,N
RobertAtkinson--PauloShakarian,N
RobertAtkinson--AviralShrivastava,N
RobertAtkinson--DanShunk,N
RobertAtkinson--VioletSyrotiuk,N
RobertAtkinson--HanghangTong,N
RobertAtkinson--KurtVanLehn,Y
RobertAtkinson--JReneVillalobos,N
RobertAtkinson--SarmaVrudhula,N
RobertAtkinson--ErinWalker,Y
RobertAtkinson--CaroleJeanWu,N
RobertAtkinson--TeresaWu,N
RobertAtkinson--GuoliangXue,N
RobertAtkinson--YezhouYang,N
RobertAtkinson--StephenSYau,N
JanakaBalasooriya--AjayBansal,Y
JanakaBalasooriya--SrividyaBansal,Y
JanakaBalasooriya--ChittaBaral,N
JanakaBalasooriya--RidaBazzi,N
JanakaBalasooriya--HeniBenAmor,N
JanakaBalasooriya--NadyaBliss,N
JanakaBalasooriya--KSelcukCandan,N
JanakaBalasooriya--YinongChen,Y
JanakaBalasooriya--CharlesColbourn,N
JanakaBalasooriya--JamesCollofello,Y
JanakaBalasooriya--ParthaDasgupta,N
JanakaBalasooriya--HasanDavulcu,N
JanakaBalasooriya--AdamDoupe,N
JanakaBalasooriya--GeorgiosFainekos,N
JanakaBalasooriya--AshrafGaffar,N
JanakaBalasooriya--KevinGary,Y
JanakaBalasooriya--EsmaGel,N
JanakaBalasooriya--JavierGonzalezSanchez,N
JanakaBalasooriya--SandeepGupta,N
JanakaBalasooriya--DianneHansford,N
JanakaBalasooriya--JingruiHe,N
JanakaBalasooriya--DijiangHuang,N
JanakaBalasooriya--SubbaraoKambhampati,N
JanakaBalasooriya--JoohyungLee,N
JanakaBalasooriya--YannHangLee,N
JanakaBalasooriya--BaoxinLi,N
JanakaBalasooriya--TimLindquist,Y
JanakaBalasooriya--RossMaciejewski,N
JanakaBalasooriya--RyanMeuth,N
JanakaBalasooriya--PituMirchandani,N
JanakaBalasooriya--BrianNelson,N
JanakaBalasooriya--RongPan,N
JanakaBalasooriya--SethuramanPanchanathan,N
JanakaBalasooriya--PaoloPapotti,N
JanakaBalasooriya--GiuliaPedrielli,N
JanakaBalasooriya--FengboRen,N
JanakaBalasooriya--AndreaWRicha,N
JanakaBalasooriya--GeorgeRunger,N
JanakaBalasooriya--HessamSarjoughian,Y
JanakaBalasooriya--MohamedSarwat,N
JanakaBalasooriya--ArunabhaSen,N
JanakaBalasooriya--PauloShakarian,N
JanakaBalasooriya--AviralShrivastava,N
JanakaBalasooriya--DanShunk,N
JanakaBalasooriya--VioletSyrotiuk,N
JanakaBalasooriya--HanghangTong,N
JanakaBalasooriya--KurtVanLehn,N
JanakaBalasooriya--JReneVillalobos,N
JanakaBalasooriya--SarmaVrudhula,N
JanakaBalasooriya--ErinWalker,N
JanakaBalasooriya--CaroleJeanWu,N
JanakaBalasooriya--TeresaWu,N
JanakaBalasooriya--GuoliangXue,N
JanakaBalasooriya--YezhouYang,N
JanakaBalasooriya--StephenSYau,Y
AjayBansal--SrividyaBansal,Y
AjayBansal--ChittaBaral,N
AjayBansal--RidaBazzi,N
AjayBansal--HeniBenAmor,N
AjayBansal--NadyaBliss,N
AjayBansal--KSelcukCandan,N
AjayBansal--YinongChen,Y
AjayBansal--CharlesColbourn,N
AjayBansal--JamesCollofello,Y
AjayBansal--ParthaDasgupta,N
AjayBansal--HasanDavulcu,N
AjayBansal--AdamDoupe,N
AjayBansal--GeorgiosFainekos,N
AjayBansal--AshrafGaffar,N
AjayBansal--KevinGary,Y
AjayBansal--EsmaGel,N
AjayBansal--JavierGonzalezSanchez,N
AjayBansal--SandeepGupta,N
AjayBansal--DianneHansford,N
AjayBansal--JingruiHe,N
AjayBansal--DijiangHuang,N
AjayBansal--SubbaraoKambhampati,N
AjayBansal--JoohyungLee,N
AjayBansal--YannHangLee,N
AjayBansal--BaoxinLi,N
AjayBansal--TimLindquist,Y
AjayBansal--RossMaciejewski,N
AjayBansal--RyanMeuth,N
AjayBansal--PituMirchandani,N
AjayBansal--BrianNelson,N
AjayBansal--RongPan,N
AjayBansal--SethuramanPanchanathan,N
AjayBansal--PaoloPapotti,N
AjayBansal--GiuliaPedrielli,N
AjayBansal--FengboRen,N
AjayBansal--AndreaWRicha,N
AjayBansal--GeorgeRunger,N
AjayBansal--HessamSarjoughian,Y
AjayBansal--MohamedSarwat,N
AjayBansal--ArunabhaSen,N
AjayBansal--PauloShakarian,N
AjayBansal--AviralShrivastava,N
AjayBansal--DanShunk,N
AjayBansal--VioletSyrotiuk,N
AjayBansal--HanghangTong,N
AjayBansal--KurtVanLehn,N
AjayBansal--JReneVillalobos,N
AjayBansal--SarmaVrudhula,N
AjayBansal--ErinWalker,N
AjayBansal--CaroleJeanWu,N
AjayBansal--TeresaWu,N
AjayBansal--GuoliangXue,N
AjayBansal--YezhouYang,N
AjayBansal--StephenSYau,Y
SrividyaBansal--ChittaBaral,N
SrividyaBansal--RidaBazzi,N
SrividyaBansal--HeniBenAmor,N
SrividyaBansal--NadyaBliss,N
SrividyaBansal--KSelcukCandan,N
SrividyaBansal--YinongChen,Y
SrividyaBansal--CharlesColbourn,N
SrividyaBansal--JamesCollofello,Y
SrividyaBansal--ParthaDasgupta,N
SrividyaBansal--HasanDavulcu,N
SrividyaBansal--AdamDoupe,N
SrividyaBansal--GeorgiosFainekos,N
SrividyaBansal--AshrafGaffar,N
SrividyaBansal--KevinGary,Y
SrividyaBansal--EsmaGel,N
SrividyaBansal--JavierGonzalezSanchez,N
SrividyaBansal--SandeepGupta,N
SrividyaBansal--DianneHansford,N
SrividyaBansal--JingruiHe,N
SrividyaBansal--DijiangHuang,N
SrividyaBansal--SubbaraoKambhampati,N
SrividyaBansal--JoohyungLee,N
SrividyaBansal--YannHangLee,N
SrividyaBansal--BaoxinLi,N
SrividyaBansal--TimLindquist,Y
SrividyaBansal--RossMaciejewski,N
SrividyaBansal--RyanMeuth,N
SrividyaBansal--PituMirchandani,N
SrividyaBansal--BrianNelson,N
SrividyaBansal--RongPan,N
SrividyaBansal--SethuramanPanchanathan,N
SrividyaBansal--PaoloPapotti,N
SrividyaBansal--GiuliaPedrielli,N
SrividyaBansal--FengboRen,N
SrividyaBansal--AndreaWRicha,N
SrividyaBansal--GeorgeRunger,N
SrividyaBansal--HessamSarjoughian,Y
SrividyaBansal--MohamedSarwat,N
SrividyaBansal--ArunabhaSen,N
SrividyaBansal--PauloShakarian,N
SrividyaBansal--AviralShrivastava,N
SrividyaBansal--DanShunk,N
SrividyaBansal--VioletSyrotiuk,N
SrividyaBansal--HanghangTong,N
SrividyaBansal--KurtVanLehn,N
SrividyaBansal--JReneVillalobos,N
SrividyaBansal--SarmaVrudhula,N
SrividyaBansal--ErinWalker,N
SrividyaBansal--CaroleJeanWu,N
SrividyaBansal--TeresaWu,N
SrividyaBansal--GuoliangXue,N
SrividyaBansal--YezhouYang,N
SrividyaBansal--StephenSYau,Y
ChittaBaral--RidaBazzi,N
ChittaBaral--HeniBenAmor,N
ChittaBaral--NadyaBliss,N
ChittaBaral--KSelcukCandan,N
ChittaBaral--YinongChen,N
ChittaBaral--CharlesColbourn,N
ChittaBaral--JamesCollofello,N
ChittaBaral--ParthaDasgupta,N
ChittaBaral--HasanDavulcu,N
ChittaBaral--AdamDoupe,N
ChittaBaral--GeorgiosFainekos,N
ChittaBaral--AshrafGaffar,N
ChittaBaral--KevinGary,N
ChittaBaral--EsmaGel,N
ChittaBaral--JavierGonzalezSanchez,N
ChittaBaral--SandeepGupta,N
ChittaBaral--DianneHansford,N
ChittaBaral--JingruiHe,N
ChittaBaral--DijiangHuang,N
ChittaBaral--SubbaraoKambhampati,Y
ChittaBaral--JoohyungLee,N
ChittaBaral--YannHangLee,N
ChittaBaral--BaoxinLi,N
ChittaBaral--TimLindquist,N
ChittaBaral--RossMaciejewski,N
ChittaBaral--RyanMeuth,N
ChittaBaral--PituMirchandani,N
ChittaBaral--BrianNelson,N
ChittaBaral--RongPan,N
ChittaBaral--SethuramanPanchanathan,N
ChittaBaral--PaoloPapotti,N
ChittaBaral--GiuliaPedrielli,N
ChittaBaral--FengboRen,N
ChittaBaral--AndreaWRicha,N
ChittaBaral--GeorgeRunger,N
ChittaBaral--HessamSarjoughian,N
ChittaBaral--MohamedSarwat,N
ChittaBaral--ArunabhaSen,N
ChittaBaral--PauloShakarian,N
ChittaBaral--AviralShrivastava,N
ChittaBaral--DanShunk,N
ChittaBaral--VioletSyrotiuk,N
ChittaBaral--HanghangTong,N
ChittaBaral--KurtVanLehn,N
ChittaBaral--JReneVillalobos,N
ChittaBaral--SarmaVrudhula,N
ChittaBaral--ErinWalker,N
ChittaBaral--CaroleJeanWu,N
ChittaBaral--TeresaWu,N
ChittaBaral--GuoliangXue,N
ChittaBaral--YezhouYang,N
ChittaBaral--StephenSYau,N
RidaBazzi--HeniBenAmor,N
RidaBazzi--NadyaBliss,N
RidaBazzi--KSelcukCandan,N
RidaBazzi--YinongChen,N
RidaBazzi--CharlesColbourn,N
RidaBazzi--JamesCollofello,N
RidaBazzi--ParthaDasgupta,Y
RidaBazzi--HasanDavulcu,N
RidaBazzi--AdamDoupe,N
RidaBazzi--GeorgiosFainekos,N
RidaBazzi--AshrafGaffar,N
RidaBazzi--KevinGary,N
RidaBazzi--EsmaGel,N
RidaBazzi--JavierGonzalezSanchez,Y
RidaBazzi--SandeepGupta,N
RidaBazzi--DianneHansford,N
RidaBazzi--JingruiHe,N
RidaBazzi--DijiangHuang,N
RidaBazzi--SubbaraoKambhampati,N
RidaBazzi--JoohyungLee,N
RidaBazzi--YannHangLee,Y
RidaBazzi--BaoxinLi,N
RidaBazzi--TimLindquist,N
RidaBazzi--RossMaciejewski,N
RidaBazzi--RyanMeuth,N
RidaBazzi--PituMirchandani,N
RidaBazzi--BrianNelson,Y
RidaBazzi--RongPan,N
RidaBazzi--SethuramanPanchanathan,N
RidaBazzi--PaoloPapotti,Y
RidaBazzi--GiuliaPedrielli,N
RidaBazzi--FengboRen,N
RidaBazzi--AndreaWRicha,N
RidaBazzi--GeorgeRunger,N
RidaBazzi--HessamSarjoughian,N
RidaBazzi--MohamedSarwat,N
RidaBazzi--ArunabhaSen,N
RidaBazzi--PauloShakarian,N
RidaBazzi--AviralShrivastava,N
RidaBazzi--DanShunk,N
RidaBazzi--VioletSyrotiuk,N
RidaBazzi--HanghangTong,N
RidaBazzi--KurtVanLehn,Y
RidaBazzi--JReneVillalobos,N
RidaBazzi--SarmaVrudhula,N
RidaBazzi--ErinWalker,Y
RidaBazzi--CaroleJeanWu,N
RidaBazzi--TeresaWu,N
RidaBazzi--GuoliangXue,N
RidaBazzi--YezhouYang,N
RidaBazzi--StephenSYau,N
HeniBenAmor--NadyaBliss,N
HeniBenAmor--KSelcukCandan,N
HeniBenAmor--YinongChen,N
HeniBenAmor--CharlesColbourn,N
HeniBenAmor--JamesCollofello,N
HeniBenAmor--ParthaDasgupta,N
HeniBenAmor--HasanDavulcu,N
HeniBenAmor--AdamDoupe,N
HeniBenAmor--GeorgiosFainekos,N
HeniBenAmor--AshrafGaffar,N
HeniBenAmor--KevinGary,N
HeniBenAmor--EsmaGel,N
HeniBenAmor--JavierGonzalezSanchez,N
HeniBenAmor--SandeepGupta,N
HeniBenAmor--DianneHansford,N
HeniBenAmor--JingruiHe,N
HeniBenAmor--DijiangHuang,N
HeniBenAmor--SubbaraoKambhampati,N
HeniBenAmor--JoohyungLee,N
HeniBenAmor--YannHangLee,N
HeniBenAmor--BaoxinLi,N
HeniBenAmor--TimLindquist,N
HeniBenAmor--RossMaciejewski,Y
HeniBenAmor--RyanMeuth,N
HeniBenAmor--PituMirchandani,N
HeniBenAmor--BrianNelson,N
HeniBenAmor--RongPan,N
HeniBenAmor--SethuramanPanchanathan,Y
HeniBenAmor--PaoloPapotti,N
HeniBenAmor--GiuliaPedrielli,N
HeniBenAmor--FengboRen,N
HeniBenAmor--AndreaWRicha,N
HeniBenAmor--GeorgeRunger,N
HeniBenAmor--HessamSarjoughian,N
HeniBenAmor--MohamedSarwat,N
HeniBenAmor--ArunabhaSen,N
HeniBenAmor--PauloShakarian,N
HeniBenAmor--AviralShrivastava,N
HeniBenAmor--DanShunk,N
HeniBenAmor--VioletSyrotiuk,N
HeniBenAmor--HanghangTong,N
HeniBenAmor--KurtVanLehn,N
HeniBenAmor--JReneVillalobos,N
HeniBenAmor--SarmaVrudhula,N
HeniBenAmor--ErinWalker,N
HeniBenAmor--CaroleJeanWu,N
HeniBenAmor--TeresaWu,N
HeniBenAmor--GuoliangXue,N
HeniBenAmor--YezhouYang,N
HeniBenAmor--StephenSYau,N
NadyaBliss--KSelcukCandan,N
NadyaBliss--YinongChen,N
NadyaBliss--CharlesColbourn,N
NadyaBliss--JamesCollofello,N
NadyaBliss--ParthaDasgupta,N
NadyaBliss--HasanDavulcu,Y
NadyaBliss--AdamDoupe,N
NadyaBliss--GeorgiosFainekos,N
NadyaBliss--AshrafGaffar,N
NadyaBliss--KevinGary,N
NadyaBliss--EsmaGel,N
NadyaBliss--JavierGonzalezSanchez,N
NadyaBliss--SandeepGupta,N
NadyaBliss--DianneHansford,N
NadyaBliss--JingruiHe,Y
NadyaBliss--DijiangHuang,N
NadyaBliss--SubbaraoKambhampati,N
NadyaBliss--JoohyungLee,N
NadyaBliss--YannHangLee,N
NadyaBliss--BaoxinLi,N
NadyaBliss--TimLindquist,N
NadyaBliss--RossMaciejewski,N
NadyaBliss--RyanMeuth,N
NadyaBliss--PituMirchandani,N
NadyaBliss--BrianNelson,N
NadyaBliss--RongPan,Y
NadyaBliss--SethuramanPanchanathan,N
NadyaBliss--PaoloPapotti,N
NadyaBliss--GiuliaPedrielli,N
NadyaBliss--FengboRen,N
NadyaBliss--AndreaWRicha,N
NadyaBliss--GeorgeRunger,Y
NadyaBliss--HessamSarjoughian,N
NadyaBliss--MohamedSarwat,N
NadyaBliss--ArunabhaSen,N
NadyaBliss--PauloShakarian,N
NadyaBliss--AviralShrivastava,N
NadyaBliss--DanShunk,N
NadyaBliss--VioletSyrotiuk,N
NadyaBliss--HanghangTong,Y
NadyaBliss--KurtVanLehn,N
NadyaBliss--JReneVillalobos,N
NadyaBliss--SarmaVrudhula,N
NadyaBliss--ErinWalker,N
NadyaBliss--CaroleJeanWu,N
NadyaBliss--TeresaWu,N
NadyaBliss--GuoliangXue,N
NadyaBliss--YezhouYang,N
NadyaBliss--StephenSYau,N
KSelcukCandan--YinongChen,N
KSelcukCandan--CharlesColbourn,Y
KSelcukCandan--JamesCollofello,N
KSelcukCandan--ParthaDasgupta,N
KSelcukCandan--HasanDavulcu,N
KSelcukCandan--AdamDoupe,N
KSelcukCandan--GeorgiosFainekos,N
KSelcukCandan--AshrafGaffar,N
KSelcukCandan--KevinGary,N
KSelcukCandan--EsmaGel,N
KSelcukCandan--JavierGonzalezSanchez,N
KSelcukCandan--SandeepGupta,N
KSelcukCandan--DianneHansford,N
KSelcukCandan--JingruiHe,N
KSelcukCandan--DijiangHuang,N
KSelcukCandan--SubbaraoKambhampati,N
KSelcukCandan--JoohyungLee,N
KSelcukCandan--YannHangLee,N
KSelcukCandan--BaoxinLi,N
KSelcukCandan--TimLindquist,N
KSelcukCandan--RossMaciejewski,N
KSelcukCandan--RyanMeuth,N
KSelcukCandan--PituMirchandani,N
KSelcukCandan--BrianNelson,N
KSelcukCandan--RongPan,N
KSelcukCandan--SethuramanPanchanathan,N
KSelcukCandan--PaoloPapotti,N
KSelcukCandan--GiuliaPedrielli,N
KSelcukCandan--FengboRen,N
KSelcukCandan--AndreaWRicha,N
KSelcukCandan--GeorgeRunger,N
KSelcukCandan--HessamSarjoughian,N
KSelcukCandan--MohamedSarwat,N
KSelcukCandan--ArunabhaSen,N
KSelcukCandan--PauloShakarian,N
KSelcukCandan--AviralShrivastava,N
KSelcukCandan--DanShunk,N
KSelcukCandan--VioletSyrotiuk,Y
KSelcukCandan--HanghangTong,N
KSelcukCandan--KurtVanLehn,N
KSelcukCandan--JReneVillalobos,N
KSelcukCandan--SarmaVrudhula,N
KSelcukCandan--ErinWalker,N
KSelcukCandan--CaroleJeanWu,N
KSelcukCandan--TeresaWu,N
KSelcukCandan--GuoliangXue,N
KSelcukCandan--YezhouYang,N
KSelcukCandan--StephenSYau,N
YinongChen--CharlesColbourn,N
YinongChen--JamesCollofello,Y
YinongChen--ParthaDasgupta,N
YinongChen--HasanDavulcu,N
YinongChen--AdamDoupe,N
YinongChen--GeorgiosFainekos,N
YinongChen--AshrafGaffar,N
YinongChen--KevinGary,Y
YinongChen--EsmaGel,N
YinongChen--JavierGonzalezSanchez,N
YinongChen--SandeepGupta,N
YinongChen--DianneHansford,N
YinongChen--JingruiHe,N
YinongChen--DijiangHuang,N
YinongChen--SubbaraoKambhampati,N
YinongChen--JoohyungLee,N
YinongChen--YannHangLee,N
YinongChen--BaoxinLi,N
YinongChen--TimLindquist,Y
YinongChen--RossMaciejewski,N
YinongChen--RyanMeuth,N
YinongChen--PituMirchandani,N
YinongChen--BrianNelson,N
YinongChen--RongPan,N
YinongChen--SethuramanPanchanathan,N
YinongChen--PaoloPapotti,N
YinongChen--GiuliaPedrielli,N
YinongChen--FengboRen,N
YinongChen--AndreaWRicha,N
YinongChen--GeorgeRunger,N
YinongChen--HessamSarjoughian,Y
YinongChen--MohamedSarwat,N
YinongChen--ArunabhaSen,N
YinongChen--PauloShakarian,N
YinongChen--AviralShrivastava,N
YinongChen--DanShunk,N
YinongChen--VioletSyrotiuk,N
YinongChen--HanghangTong,N
YinongChen--KurtVanLehn,N
YinongChen--JReneVillalobos,N
YinongChen--SarmaVrudhula,N
YinongChen--ErinWalker,N
YinongChen--CaroleJeanWu,N
YinongChen--TeresaWu,N
YinongChen--GuoliangXue,N
YinongChen--YezhouYang,N
YinongChen--StephenSYau,Y
CharlesColbourn--JamesCollofello,N
CharlesColbourn--ParthaDasgupta,N
CharlesColbourn--HasanDavulcu,N
CharlesColbourn--AdamDoupe,N
CharlesColbourn--GeorgiosFainekos,N
CharlesColbourn--AshrafGaffar,N
CharlesColbourn--KevinGary,N
CharlesColbourn--EsmaGel,N
CharlesColbourn--JavierGonzalezSanchez,N
CharlesColbourn--SandeepGupta,N
CharlesColbourn--DianneHansford,N
CharlesColbourn--JingruiHe,N
CharlesColbourn--DijiangHuang,N
CharlesColbourn--SubbaraoKambhampati,N
CharlesColbourn--JoohyungLee,N
CharlesColbourn--YannHangLee,N
CharlesColbourn--BaoxinLi,N
CharlesColbourn--TimLindquist,N
CharlesColbourn--RossMaciejewski,N
CharlesColbourn--RyanMeuth,N
CharlesColbourn--PituMirchandani,N
CharlesColbourn--BrianNelson,N
CharlesColbourn--RongPan,N
CharlesColbourn--SethuramanPanchanathan,N
CharlesColbourn--PaoloPapotti,N
CharlesColbourn--GiuliaPedrielli,N
CharlesColbourn--FengboRen,N
CharlesColbourn--AndreaWRicha,N
CharlesColbourn--GeorgeRunger,N
CharlesColbourn--HessamSarjoughian,N
CharlesColbourn--MohamedSarwat,N
CharlesColbourn--ArunabhaSen,N
CharlesColbourn--PauloShakarian,N
CharlesColbourn--AviralShrivastava,N
CharlesColbourn--DanShunk,N
CharlesColbourn--VioletSyrotiuk,Y
CharlesColbourn--HanghangTong,N
CharlesColbourn--KurtVanLehn,N
CharlesColbourn--JReneVillalobos,N
CharlesColbourn--SarmaVrudhula,N
CharlesColbourn--ErinWalker,N
CharlesColbourn--CaroleJeanWu,N
CharlesColbourn--TeresaWu,N
CharlesColbourn--GuoliangXue,N
CharlesColbourn--YezhouYang,N
CharlesColbourn--StephenSYau,N
JamesCollofello--ParthaDasgupta,N
JamesCollofello--HasanDavulcu,N
JamesCollofello--AdamDoupe,N
JamesCollofello--GeorgiosFainekos,N
JamesCollofello--AshrafGaffar,N
JamesCollofello--KevinGary,Y
JamesCollofello--EsmaGel,N
JamesCollofello--JavierGonzalezSanchez,N
JamesCollofello--SandeepGupta,N
JamesCollofello--DianneHansford,N
JamesCollofello--JingruiHe,N
JamesCollofello--DijiangHuang,N
JamesCollofello--SubbaraoKambhampati,N
JamesCollofello--JoohyungLee,N
JamesCollofello--YannHangLee,N
JamesCollofello--BaoxinLi,N
JamesCollofello--TimLindquist,Y
JamesCollofello--RossMaciejewski,N
JamesCollofello--RyanMeuth,N
JamesCollofello--PituMirchandani,N
JamesCollofello--BrianNelson,N
JamesCollofello--RongPan,N
JamesCollofello--SethuramanPanchanathan,N
JamesCollofello--PaoloPapotti,N
JamesCollofello--GiuliaPedrielli,N
JamesCollofello--FengboRen,N
JamesCollofello--AndreaWRicha,N
JamesCollofello--GeorgeRunger,N
JamesCollofello--HessamSarjoughian,Y
JamesCollofello--MohamedSarwat,N
JamesCollofello--ArunabhaSen,N
JamesCollofello--PauloShakarian,N
JamesCollofello--AviralShrivastava,N
JamesCollofello--DanShunk,N
JamesCollofello--VioletSyrotiuk,N
JamesCollofello--HanghangTong,N
JamesCollofello--KurtVanLehn,N
JamesCollofello--JReneVillalobos,N
JamesCollofello--SarmaVrudhula,N
JamesCollofello--ErinWalker,N
JamesCollofello--CaroleJeanWu,N
JamesCollofello--TeresaWu,N
JamesCollofello--GuoliangXue,N
JamesCollofello--YezhouYang,N
JamesCollofello--StephenSYau,Y
ParthaDasgupta--HasanDavulcu,N
ParthaDasgupta--AdamDoupe,N
ParthaDasgupta--GeorgiosFainekos,N
ParthaDasgupta--AshrafGaffar,N
ParthaDasgupta--KevinGary,N
ParthaDasgupta--EsmaGel,N
ParthaDasgupta--JavierGonzalezSanchez,Y
ParthaDasgupta--SandeepGupta,N
ParthaDasgupta--DianneHansford,N
ParthaDasgupta--JingruiHe,N
ParthaDasgupta--DijiangHuang,N
ParthaDasgupta--SubbaraoKambhampati,N
ParthaDasgupta--JoohyungLee,N
ParthaDasgupta--YannHangLee,Y
ParthaDasgupta--BaoxinLi,N
ParthaDasgupta--TimLindquist,N
ParthaDasgupta--RossMaciejewski,N
ParthaDasgupta--RyanMeuth,N
ParthaDasgupta--PituMirchandani,N
ParthaDasgupta--BrianNelson,Y
ParthaDasgupta--RongPan,N
ParthaDasgupta--SethuramanPanchanathan,N
ParthaDasgupta--PaoloPapotti,Y
ParthaDasgupta--GiuliaPedrielli,N
ParthaDasgupta--FengboRen,N
ParthaDasgupta--AndreaWRicha,N
ParthaDasgupta--GeorgeRunger,N
ParthaDasgupta--HessamSarjoughian,N
ParthaDasgupta--MohamedSarwat,N
ParthaDasgupta--ArunabhaSen,N
ParthaDasgupta--PauloShakarian,N
ParthaDasgupta--AviralShrivastava,N
ParthaDasgupta--DanShunk,N
ParthaDasgupta--VioletSyrotiuk,N
ParthaDasgupta--HanghangTong,N
ParthaDasgupta--KurtVanLehn,Y
ParthaDasgupta--JReneVillalobos,N
ParthaDasgupta--SarmaVrudhula,N
ParthaDasgupta--ErinWalker,Y
ParthaDasgupta--CaroleJeanWu,N
ParthaDasgupta--TeresaWu,N
ParthaDasgupta--GuoliangXue,N
ParthaDasgupta--YezhouYang,N
ParthaDasgupta--StephenSYau,N
HasanDavulcu--AdamDoupe,N
HasanDavulcu--GeorgiosFainekos,N
HasanDavulcu--AshrafGaffar,N
HasanDavulcu--KevinGary,N
HasanDavulcu--EsmaGel,N
HasanDavulcu--JavierGonzalezSanchez,N
HasanDavulcu--SandeepGupta,N
HasanDavulcu--DianneHansford,N
HasanDavulcu--JingruiHe,Y
HasanDavulcu--DijiangHuang,N
HasanDavulcu--SubbaraoKambhampati,N
HasanDavulcu--JoohyungLee,N
HasanDavulcu--YannHangLee,N
HasanDavulcu--BaoxinLi,N
HasanDavulcu--TimLindquist,N
HasanDavulcu--RossMaciejewski,N
HasanDavulcu--RyanMeuth,N
HasanDavulcu--PituMirchandani,N
HasanDavulcu--BrianNelson,N
HasanDavulcu--RongPan,Y
HasanDavulcu--SethuramanPanchanathan,N
HasanDavulcu--PaoloPapotti,N
HasanDavulcu--GiuliaPedrielli,N
HasanDavulcu--FengboRen,N
HasanDavulcu--AndreaWRicha,N
HasanDavulcu--GeorgeRunger,Y
HasanDavulcu--HessamSarjoughian,N
HasanDavulcu--MohamedSarwat,N
HasanDavulcu--ArunabhaSen,N
HasanDavulcu--PauloShakarian,N
HasanDavulcu--AviralShrivastava,N
HasanDavulcu--DanShunk,N
HasanDavulcu--VioletSyrotiuk,N
HasanDavulcu--HanghangTong,Y
HasanDavulcu--KurtVanLehn,N
HasanDavulcu--JReneVillalobos,N
HasanDavulcu--SarmaVrudhula,N
HasanDavulcu--ErinWalker,N
HasanDavulcu--CaroleJeanWu,N
HasanDavulcu--TeresaWu,N
HasanDavulcu--GuoliangXue,N
HasanDavulcu--YezhouYang,N
HasanDavulcu--StephenSYau,N
AdamDoupe--GeorgiosFainekos,N
AdamDoupe--AshrafGaffar,N
AdamDoupe--KevinGary,N
AdamDoupe--EsmaGel,N
AdamDoupe--JavierGonzalezSanchez,N
AdamDoupe--SandeepGupta,N
AdamDoupe--DianneHansford,N
AdamDoupe--JingruiHe,N
AdamDoupe--DijiangHuang,Y
AdamDoupe--SubbaraoKambhampati,N
AdamDoupe--JoohyungLee,N
AdamDoupe--YannHangLee,N
AdamDoupe--BaoxinLi,N
AdamDoupe--TimLindquist,N
AdamDoupe--RossMaciejewski,N
AdamDoupe--RyanMeuth,N
AdamDoupe--PituMirchandani,N
AdamDoupe--BrianNelson,N
AdamDoupe--RongPan,N
AdamDoupe--SethuramanPanchanathan,N
AdamDoupe--PaoloPapotti,N
AdamDoupe--GiuliaPedrielli,N
AdamDoupe--FengboRen,N
AdamDoupe--AndreaWRicha,N
AdamDoupe--GeorgeRunger,N
AdamDoupe--HessamSarjoughian,N
AdamDoupe--MohamedSarwat,N
AdamDoupe--ArunabhaSen,N
AdamDoupe--PauloShakarian,N
AdamDoupe--AviralShrivastava,N
AdamDoupe--DanShunk,N
AdamDoupe--VioletSyrotiuk,N
AdamDoupe--HanghangTong,N
AdamDoupe--KurtVanLehn,N
AdamDoupe--JReneVillalobos,N
AdamDoupe--SarmaVrudhula,N
AdamDoupe--ErinWalker,N
AdamDoupe--CaroleJeanWu,N
AdamDoupe--TeresaWu,N
AdamDoupe--GuoliangXue,N
AdamDoupe--YezhouYang,N
AdamDoupe--StephenSYau,N
GeorgiosFainekos--AshrafGaffar,N
GeorgiosFainekos--KevinGary,N
GeorgiosFainekos--EsmaGel,N
GeorgiosFainekos--JavierGonzalezSanchez,N
GeorgiosFainekos--SandeepGupta,N
GeorgiosFainekos--DianneHansford,N
GeorgiosFainekos--JingruiHe,N
GeorgiosFainekos--DijiangHuang,N
GeorgiosFainekos--SubbaraoKambhampati,N
GeorgiosFainekos--JoohyungLee,N
GeorgiosFainekos--YannHangLee,N
GeorgiosFainekos--BaoxinLi,N
GeorgiosFainekos--TimLindquist,N
GeorgiosFainekos--RossMaciejewski,N
GeorgiosFainekos--RyanMeuth,N
GeorgiosFainekos--PituMirchandani,Y
GeorgiosFainekos--BrianNelson,N
GeorgiosFainekos--RongPan,N
GeorgiosFainekos--SethuramanPanchanathan,N
GeorgiosFainekos--PaoloPapotti,N
GeorgiosFainekos--GiuliaPedrielli,N
GeorgiosFainekos--FengboRen,N
GeorgiosFainekos--AndreaWRicha,Y
GeorgiosFainekos--GeorgeRunger,N
GeorgiosFainekos--HessamSarjoughian,N
GeorgiosFainekos--MohamedSarwat,N
GeorgiosFainekos--ArunabhaSen,Y
GeorgiosFainekos--PauloShakarian,N
GeorgiosFainekos--AviralShrivastava,N
GeorgiosFainekos--DanShunk,N
GeorgiosFainekos--VioletSyrotiuk,N
GeorgiosFainekos--HanghangTong,N
GeorgiosFainekos--KurtVanLehn,N
GeorgiosFainekos--JReneVillalobos,N
GeorgiosFainekos--SarmaVrudhula,N
GeorgiosFainekos--ErinWalker,N
GeorgiosFainekos--CaroleJeanWu,N
GeorgiosFainekos--TeresaWu,N
GeorgiosFainekos--GuoliangXue,N
GeorgiosFainekos--YezhouYang,N
GeorgiosFainekos--StephenSYau,N
AshrafGaffar--KevinGary,N
AshrafGaffar--EsmaGel,N
AshrafGaffar--JavierGonzalezSanchez,N
AshrafGaffar--SandeepGupta,N
AshrafGaffar--DianneHansford,N
AshrafGaffar--JingruiHe,N
AshrafGaffar--DijiangHuang,N
AshrafGaffar--SubbaraoKambhampati,N
AshrafGaffar--JoohyungLee,N
AshrafGaffar--YannHangLee,N
AshrafGaffar--BaoxinLi,N
AshrafGaffar--TimLindquist,N
AshrafGaffar--RossMaciejewski,N
AshrafGaffar--RyanMeuth,N
AshrafGaffar--PituMirchandani,N
AshrafGaffar--BrianNelson,N
AshrafGaffar--RongPan,N
AshrafGaffar--SethuramanPanchanathan,N
AshrafGaffar--PaoloPapotti,N
AshrafGaffar--GiuliaPedrielli,N
AshrafGaffar--FengboRen,N
AshrafGaffar--AndreaWRicha,N
AshrafGaffar--GeorgeRunger,N
AshrafGaffar--HessamSarjoughian,N
AshrafGaffar--MohamedSarwat,Y
AshrafGaffar--ArunabhaSen,N
AshrafGaffar--PauloShakarian,N
AshrafGaffar--AviralShrivastava,N
AshrafGaffar--DanShunk,N
AshrafGaffar--VioletSyrotiuk,N
AshrafGaffar--HanghangTong,N
AshrafGaffar--KurtVanLehn,N
AshrafGaffar--JReneVillalobos,N
AshrafGaffar--SarmaVrudhula,N
AshrafGaffar--ErinWalker,N
AshrafGaffar--CaroleJeanWu,N
AshrafGaffar--TeresaWu,N
AshrafGaffar--GuoliangXue,N
AshrafGaffar--YezhouYang,N
AshrafGaffar--StephenSYau,N
KevinGary--EsmaGel,N
KevinGary--JavierGonzalezSanchez,N
KevinGary--SandeepGupta,N
KevinGary--DianneHansford,N
KevinGary--JingruiHe,N
KevinGary--DijiangHuang,N
KevinGary--SubbaraoKambhampati,N
KevinGary--JoohyungLee,N
KevinGary--YannHangLee,N
KevinGary--BaoxinLi,N
KevinGary--TimLindquist,Y
KevinGary--RossMaciejewski,N
KevinGary--RyanMeuth,N
KevinGary--PituMirchandani,N
KevinGary--BrianNelson,N
KevinGary--RongPan,N
KevinGary--SethuramanPanchanathan,N
KevinGary--PaoloPapotti,N
KevinGary--GiuliaPedrielli,N
KevinGary--FengboRen,N
KevinGary--AndreaWRicha,N
KevinGary--GeorgeRunger,N
KevinGary--HessamSarjoughian,Y
KevinGary--MohamedSarwat,N
KevinGary--ArunabhaSen,N
KevinGary--PauloShakarian,N
KevinGary--AviralShrivastava,N
KevinGary--DanShunk,N
KevinGary--VioletSyrotiuk,N
KevinGary--HanghangTong,N
KevinGary--KurtVanLehn,N
KevinGary--JReneVillalobos,N
KevinGary--SarmaVrudhula,N
KevinGary--ErinWalker,N
KevinGary--CaroleJeanWu,N
KevinGary--TeresaWu,N
KevinGary--GuoliangXue,N
KevinGary--YezhouYang,N
KevinGary--StephenSYau,Y
EsmaGel--JavierGonzalezSanchez,N
EsmaGel--SandeepGupta,N
EsmaGel--DianneHansford,N
EsmaGel--JingruiHe,N
EsmaGel--DijiangHuang,N
EsmaGel--SubbaraoKambhampati,N
EsmaGel--JoohyungLee,N
EsmaGel--YannHangLee,N
EsmaGel--BaoxinLi,N
EsmaGel--TimLindquist,N
EsmaGel--RossMaciejewski,N
EsmaGel--RyanMeuth,Y
EsmaGel--PituMirchandani,N
EsmaGel--BrianNelson,N
EsmaGel--RongPan,N
EsmaGel--SethuramanPanchanathan,N
EsmaGel--PaoloPapotti,N
EsmaGel--GiuliaPedrielli,Y
EsmaGel--FengboRen,N
EsmaGel--AndreaWRicha,N
EsmaGel--GeorgeRunger,N
EsmaGel--HessamSarjoughian,N
EsmaGel--MohamedSarwat,N
EsmaGel--ArunabhaSen,N
EsmaGel--PauloShakarian,N
EsmaGel--AviralShrivastava,N
EsmaGel--DanShunk,Y
EsmaGel--VioletSyrotiuk,N
EsmaGel--HanghangTong,N
EsmaGel--KurtVanLehn,N
EsmaGel--JReneVillalobos,Y
EsmaGel--SarmaVrudhula,N
EsmaGel--ErinWalker,N
EsmaGel--CaroleJeanWu,N
EsmaGel--TeresaWu,N
EsmaGel--GuoliangXue,N
EsmaGel--YezhouYang,N
EsmaGel--StephenSYau,N
JavierGonzalezSanchez--SandeepGupta,N
JavierGonzalezSanchez--DianneHansford,N
JavierGonzalezSanchez--JingruiHe,N
JavierGonzalezSanchez--DijiangHuang,N
JavierGonzalezSanchez--SubbaraoKambhampati,N
JavierGonzalezSanchez--JoohyungLee,N
JavierGonzalezSanchez--YannHangLee,Y
JavierGonzalezSanchez--BaoxinLi,N
JavierGonzalezSanchez--TimLindquist,N
JavierGonzalezSanchez--RossMaciejewski,N
JavierGonzalezSanchez--RyanMeuth,N
JavierGonzalezSanchez--PituMirchandani,N
JavierGonzalezSanchez--BrianNelson,Y
JavierGonzalezSanchez--RongPan,N
JavierGonzalezSanchez--SethuramanPanchanathan,N
JavierGonzalezSanchez--PaoloPapotti,Y
JavierGonzalezSanchez--GiuliaPedrielli,N
JavierGonzalezSanchez--FengboRen,N
JavierGonzalezSanchez--AndreaWRicha,N
JavierGonzalezSanchez--GeorgeRunger,N
JavierGonzalezSanchez--HessamSarjoughian,N
JavierGonzalezSanchez--MohamedSarwat,N
JavierGonzalezSanchez--ArunabhaSen,N
JavierGonzalezSanchez--PauloShakarian,N
JavierGonzalezSanchez--AviralShrivastava,N
JavierGonzalezSanchez--DanShunk,N
JavierGonzalezSanchez--VioletSyrotiuk,N
JavierGonzalezSanchez--HanghangTong,N
JavierGonzalezSanchez--KurtVanLehn,Y
JavierGonzalezSanchez--JReneVillalobos,N
JavierGonzalezSanchez--SarmaVrudhula,N
JavierGonzalezSanchez--ErinWalker,Y
JavierGonzalezSanchez--CaroleJeanWu,N
JavierGonzalezSanchez--TeresaWu,N
JavierGonzalezSanchez--GuoliangXue,N
JavierGonzalezSanchez--YezhouYang,N
JavierGonzalezSanchez--StephenSYau,N
SandeepGupta--DianneHansford,N
SandeepGupta--JingruiHe,N
SandeepGupta--DijiangHuang,N
SandeepGupta--SubbaraoKambhampati,N
SandeepGupta--JoohyungLee,N
SandeepGupta--YannHangLee,N
SandeepGupta--BaoxinLi,N
SandeepGupta--TimLindquist,N
SandeepGupta--RossMaciejewski,N
SandeepGupta--RyanMeuth,N
SandeepGupta--PituMirchandani,N
SandeepGupta--BrianNelson,N
SandeepGupta--RongPan,N
SandeepGupta--SethuramanPanchanathan,N
SandeepGupta--PaoloPapotti,N
SandeepGupta--GiuliaPedrielli,N
SandeepGupta--FengboRen,N
SandeepGupta--AndreaWRicha,N
SandeepGupta--GeorgeRunger,N
SandeepGupta--HessamSarjoughian,N
SandeepGupta--MohamedSarwat,N
SandeepGupta--ArunabhaSen,N
SandeepGupta--PauloShakarian,N
SandeepGupta--AviralShrivastava,N
SandeepGupta--DanShunk,N
SandeepGupta--VioletSyrotiuk,N
SandeepGupta--HanghangTong,N
SandeepGupta--KurtVanLehn,N
SandeepGupta--JReneVillalobos,N
SandeepGupta--SarmaVrudhula,N
SandeepGupta--ErinWalker,N
SandeepGupta--CaroleJeanWu,N
SandeepGupta--TeresaWu,N
SandeepGupta--GuoliangXue,N
SandeepGupta--YezhouYang,N
SandeepGupta--StephenSYau,N
DianneHansford--JingruiHe,N
DianneHansford--DijiangHuang,N
DianneHansford--SubbaraoKambhampati,N
DianneHansford--JoohyungLee,N
DianneHansford--YannHangLee,N
DianneHansford--BaoxinLi,Y
DianneHansford--TimLindquist,N
DianneHansford--RossMaciejewski,N
DianneHansford--RyanMeuth,N
DianneHansford--PituMirchandani,N
DianneHansford--BrianNelson,N
DianneHansford--RongPan,N
DianneHansford--SethuramanPanchanathan,N
DianneHansford--PaoloPapotti,N
DianneHansford--GiuliaPedrielli,N
DianneHansford--FengboRen,N
DianneHansford--AndreaWRicha,N
DianneHansford--GeorgeRunger,N
DianneHansford--HessamSarjoughian,N
DianneHansford--MohamedSarwat,N
DianneHansford--ArunabhaSen,N
DianneHansford--PauloShakarian,N
DianneHansford--AviralShrivastava,N
DianneHansford--DanShunk,N
DianneHansford--VioletSyrotiuk,N
DianneHansford--HanghangTong,N
DianneHansford--KurtVanLehn,N
DianneHansford--JReneVillalobos,N
DianneHansford--SarmaVrudhula,N
DianneHansford--ErinWalker,N
DianneHansford--CaroleJeanWu,N
DianneHansford--TeresaWu,Y
DianneHansford--GuoliangXue,N
DianneHansford--YezhouYang,Y
DianneHansford--StephenSYau,N
JingruiHe--DijiangHuang,N
JingruiHe--SubbaraoKambhampati,N
JingruiHe--JoohyungLee,N
JingruiHe--YannHangLee,N
JingruiHe--BaoxinLi,N
JingruiHe--TimLindquist,N
JingruiHe--RossMaciejewski,N
JingruiHe--RyanMeuth,N
JingruiHe--PituMirchandani,N
JingruiHe--BrianNelson,N
JingruiHe--RongPan,Y
JingruiHe--SethuramanPanchanathan,N
JingruiHe--PaoloPapotti,N
JingruiHe--GiuliaPedrielli,N
JingruiHe--FengboRen,N
JingruiHe--AndreaWRicha,N
JingruiHe--GeorgeRunger,Y
JingruiHe--HessamSarjoughian,N
JingruiHe--MohamedSarwat,N
JingruiHe--ArunabhaSen,N
JingruiHe--PauloShakarian,N
JingruiHe--AviralShrivastava,N
JingruiHe--DanShunk,N
JingruiHe--VioletSyrotiuk,N
JingruiHe--HanghangTong,Y
JingruiHe--KurtVanLehn,N
JingruiHe--JReneVillalobos,N
JingruiHe--SarmaVrudhula,N
JingruiHe--ErinWalker,N
JingruiHe--CaroleJeanWu,N
JingruiHe--TeresaWu,N
JingruiHe--GuoliangXue,N
JingruiHe--YezhouYang,N
JingruiHe--StephenSYau,N
DijiangHuang--SubbaraoKambhampati,N
DijiangHuang--JoohyungLee,N
DijiangHuang--YannHangLee,N
DijiangHuang--BaoxinLi,N
DijiangHuang--TimLindquist,N
DijiangHuang--RossMaciejewski,N
DijiangHuang--RyanMeuth,N
DijiangHuang--PituMirchandani,N
DijiangHuang--BrianNelson,N
DijiangHuang--RongPan,N
DijiangHuang--SethuramanPanchanathan,N
DijiangHuang--PaoloPapotti,N
DijiangHuang--GiuliaPedrielli,N
DijiangHuang--FengboRen,N
DijiangHuang--AndreaWRicha,N
DijiangHuang--GeorgeRunger,N
DijiangHuang--HessamSarjoughian,N
DijiangHuang--MohamedSarwat,N
DijiangHuang--ArunabhaSen,N
DijiangHuang--PauloShakarian,N
DijiangHuang--AviralShrivastava,N
DijiangHuang--DanShunk,N
DijiangHuang--VioletSyrotiuk,N
DijiangHuang--HanghangTong,N
DijiangHuang--KurtVanLehn,N
DijiangHuang--JReneVillalobos,N
DijiangHuang--SarmaVrudhula,N
DijiangHuang--ErinWalker,N
DijiangHuang--CaroleJeanWu,N
DijiangHuang--TeresaWu,N
DijiangHuang--GuoliangXue,N
DijiangHuang--YezhouYang,N
DijiangHuang--StephenSYau,N
SubbaraoKambhampati--JoohyungLee,N
SubbaraoKambhampati--YannHangLee,N
SubbaraoKambhampati--BaoxinLi,N
SubbaraoKambhampati--TimLindquist,N
SubbaraoKambhampati--RossMaciejewski,N
SubbaraoKambhampati--RyanMeuth,N
SubbaraoKambhampati--PituMirchandani,N
SubbaraoKambhampati--BrianNelson,N
SubbaraoKambhampati--RongPan,N
SubbaraoKambhampati--SethuramanPanchanathan,N
SubbaraoKambhampati--PaoloPapotti,N
SubbaraoKambhampati--GiuliaPedrielli,N
SubbaraoKambhampati--FengboRen,N
SubbaraoKambhampati--AndreaWRicha,N
SubbaraoKambhampati--GeorgeRunger,N
SubbaraoKambhampati--HessamSarjoughian,N
SubbaraoKambhampati--MohamedSarwat,N
SubbaraoKambhampati--ArunabhaSen,N
SubbaraoKambhampati--PauloShakarian,N
SubbaraoKambhampati--AviralShrivastava,N
SubbaraoKambhampati--DanShunk,N
SubbaraoKambhampati--VioletSyrotiuk,N
SubbaraoKambhampati--HanghangTong,N
SubbaraoKambhampati--KurtVanLehn,N
SubbaraoKambhampati--JReneVillalobos,N
SubbaraoKambhampati--SarmaVrudhula,N
SubbaraoKambhampati--ErinWalker,N
SubbaraoKambhampati--CaroleJeanWu,N
SubbaraoKambhampati--TeresaWu,N
SubbaraoKambhampati--GuoliangXue,N
SubbaraoKambhampati--YezhouYang,N
SubbaraoKambhampati--StephenSYau,N
JoohyungLee--YannHangLee,N
JoohyungLee--BaoxinLi,N
JoohyungLee--TimLindquist,N
JoohyungLee--RossMaciejewski,N
JoohyungLee--RyanMeuth,N
JoohyungLee--PituMirchandani,N
JoohyungLee--BrianNelson,N
JoohyungLee--RongPan,N
JoohyungLee--SethuramanPanchanathan,N
JoohyungLee--PaoloPapotti,N
JoohyungLee--GiuliaPedrielli,N
JoohyungLee--FengboRen,N
JoohyungLee--AndreaWRicha,N
JoohyungLee--GeorgeRunger,N
JoohyungLee--HessamSarjoughian,N
JoohyungLee--MohamedSarwat,N
JoohyungLee--ArunabhaSen,N
JoohyungLee--PauloShakarian,Y
JoohyungLee--AviralShrivastava,N
JoohyungLee--DanShunk,N
JoohyungLee--VioletSyrotiuk,N
JoohyungLee--HanghangTong,N
JoohyungLee--KurtVanLehn,N
JoohyungLee--JReneVillalobos,N
JoohyungLee--SarmaVrudhula,N
JoohyungLee--ErinWalker,N
JoohyungLee--CaroleJeanWu,N
JoohyungLee--TeresaWu,N
JoohyungLee--GuoliangXue,N
JoohyungLee--YezhouYang,N
JoohyungLee--StephenSYau,N
YannHangLee--BaoxinLi,N
YannHangLee--TimLindquist,N
YannHangLee--RossMaciejewski,N
YannHangLee--RyanMeuth,N
YannHangLee--PituMirchandani,N
YannHangLee--BrianNelson,Y
YannHangLee--RongPan,N
YannHangLee--SethuramanPanchanathan,N
YannHangLee--PaoloPapotti,Y
YannHangLee--GiuliaPedrielli,N
YannHangLee--FengboRen,N
YannHangLee--AndreaWRicha,N
YannHangLee--GeorgeRunger,N
YannHangLee--HessamSarjoughian,N
YannHangLee--MohamedSarwat,N
YannHangLee--ArunabhaSen,N
YannHangLee--PauloShakarian,N
YannHangLee--AviralShrivastava,N
YannHangLee--DanShunk,N
YannHangLee--VioletSyrotiuk,N
YannHangLee--HanghangTong,N
YannHangLee--KurtVanLehn,Y
YannHangLee--JReneVillalobos,N
YannHangLee--SarmaVrudhula,N
YannHangLee--ErinWalker,Y
YannHangLee--CaroleJeanWu,N
YannHangLee--TeresaWu,N
YannHangLee--GuoliangXue,N
YannHangLee--YezhouYang,N
YannHangLee--StephenSYau,N
BaoxinLi--TimLindquist,N
BaoxinLi--RossMaciejewski,N
BaoxinLi--RyanMeuth,N
BaoxinLi--PituMirchandani,N
BaoxinLi--BrianNelson,N
BaoxinLi--RongPan,N
BaoxinLi--SethuramanPanchanathan,N
BaoxinLi--PaoloPapotti,N
BaoxinLi--GiuliaPedrielli,N
BaoxinLi--FengboRen,N
BaoxinLi--AndreaWRicha,N
BaoxinLi--GeorgeRunger,N
BaoxinLi--HessamSarjoughian,N
BaoxinLi--MohamedSarwat,N
BaoxinLi--ArunabhaSen,N
BaoxinLi--PauloShakarian,N
BaoxinLi--AviralShrivastava,N
BaoxinLi--DanShunk,N
BaoxinLi--VioletSyrotiuk,N
BaoxinLi--HanghangTong,N
BaoxinLi--KurtVanLehn,N
BaoxinLi--JReneVillalobos,N
BaoxinLi--SarmaVrudhula,N
BaoxinLi--ErinWalker,N
BaoxinLi--CaroleJeanWu,N
BaoxinLi--TeresaWu,Y
BaoxinLi--GuoliangXue,N
BaoxinLi--YezhouYang,Y
BaoxinLi--StephenSYau,N
TimLindquist--RossMaciejewski,N
TimLindquist--RyanMeuth,N
TimLindquist--PituMirchandani,N
TimLindquist--BrianNelson,N
TimLindquist--RongPan,N
TimLindquist--SethuramanPanchanathan,N
TimLindquist--PaoloPapotti,N
TimLindquist--GiuliaPedrielli,N
TimLindquist--FengboRen,N
TimLindquist--AndreaWRicha,N
TimLindquist--GeorgeRunger,N
TimLindquist--HessamSarjoughian,Y
TimLindquist--MohamedSarwat,N
TimLindquist--ArunabhaSen,N
TimLindquist--PauloShakarian,N
TimLindquist--AviralShrivastava,N
TimLindquist--DanShunk,N
TimLindquist--VioletSyrotiuk,N
TimLindquist--HanghangTong,N
TimLindquist--KurtVanLehn,N
TimLindquist--JReneVillalobos,N
TimLindquist--SarmaVrudhula,N
TimLindquist--ErinWalker,N
TimLindquist--CaroleJeanWu,N
TimLindquist--TeresaWu,N
TimLindquist--GuoliangXue,N
TimLindquist--YezhouYang,N
TimLindquist--StephenSYau,Y
RossMaciejewski--RyanMeuth,N
RossMaciejewski--PituMirchandani,N
RossMaciejewski--BrianNelson,N
RossMaciejewski--RongPan,N
RossMaciejewski--SethuramanPanchanathan,Y
RossMaciejewski--PaoloPapotti,N
RossMaciejewski--GiuliaPedrielli,N
RossMaciejewski--FengboRen,N
RossMaciejewski--AndreaWRicha,N
RossMaciejewski--GeorgeRunger,N
RossMaciejewski--HessamSarjoughian,N
RossMaciejewski--MohamedSarwat,N
RossMaciejewski--ArunabhaSen,N
RossMaciejewski--PauloShakarian,N
RossMaciejewski--AviralShrivastava,N
RossMaciejewski--DanShunk,N
RossMaciejewski--VioletSyrotiuk,N
RossMaciejewski--HanghangTong,N
RossMaciejewski--KurtVanLehn,N
RossMaciejewski--JReneVillalobos,N
RossMaciejewski--SarmaVrudhula,N
RossMaciejewski--ErinWalker,N
RossMaciejewski--CaroleJeanWu,N
RossMaciejewski--TeresaWu,N
RossMaciejewski--GuoliangXue,N
RossMaciejewski--YezhouYang,N
RossMaciejewski--StephenSYau,N
RyanMeuth--PituMirchandani,N
RyanMeuth--BrianNelson,N
RyanMeuth--RongPan,N
RyanMeuth--SethuramanPanchanathan,N
RyanMeuth--PaoloPapotti,N
RyanMeuth--GiuliaPedrielli,Y
RyanMeuth--FengboRen,N
RyanMeuth--AndreaWRicha,N
RyanMeuth--GeorgeRunger,N
RyanMeuth--HessamSarjoughian,N
RyanMeuth--MohamedSarwat,N
RyanMeuth--ArunabhaSen,N
RyanMeuth--PauloShakarian,N
RyanMeuth--AviralShrivastava,N
RyanMeuth--DanShunk,Y
RyanMeuth--VioletSyrotiuk,N
RyanMeuth--HanghangTong,N
RyanMeuth--KurtVanLehn,N
RyanMeuth--JReneVillalobos,Y
RyanMeuth--SarmaVrudhula,N
RyanMeuth--ErinWalker,N
RyanMeuth--CaroleJeanWu,N
RyanMeuth--TeresaWu,N
RyanMeuth--GuoliangXue,N
RyanMeuth--YezhouYang,N
RyanMeuth--StephenSYau,N
PituMirchandani--BrianNelson,N
PituMirchandani--RongPan,N
PituMirchandani--SethuramanPanchanathan,N
PituMirchandani--PaoloPapotti,N
PituMirchandani--GiuliaPedrielli,N
PituMirchandani--FengboRen,N
PituMirchandani--AndreaWRicha,Y
PituMirchandani--GeorgeRunger,N
PituMirchandani--HessamSarjoughian,N
PituMirchandani--MohamedSarwat,N
PituMirchandani--ArunabhaSen,Y
PituMirchandani--PauloShakarian,N
PituMirchandani--AviralShrivastava,N
PituMirchandani--DanShunk,N
PituMirchandani--VioletSyrotiuk,N
PituMirchandani--HanghangTong,N
PituMirchandani--KurtVanLehn,N
PituMirchandani--JReneVillalobos,N
PituMirchandani--SarmaVrudhula,N
PituMirchandani--ErinWalker,N
PituMirchandani--CaroleJeanWu,N
PituMirchandani--TeresaWu,N
PituMirchandani--GuoliangXue,N
PituMirchandani--YezhouYang,N
PituMirchandani--StephenSYau,N
BrianNelson--RongPan,N
BrianNelson--SethuramanPanchanathan,N
BrianNelson--PaoloPapotti,Y
BrianNelson--GiuliaPedrielli,N
BrianNelson--FengboRen,N
BrianNelson--AndreaWRicha,N
BrianNelson--GeorgeRunger,N
BrianNelson--HessamSarjoughian,N
BrianNelson--MohamedSarwat,N
BrianNelson--ArunabhaSen,N
BrianNelson--PauloShakarian,N
BrianNelson--AviralShrivastava,N
BrianNelson--DanShunk,N
BrianNelson--VioletSyrotiuk,N
BrianNelson--HanghangTong,N
BrianNelson--KurtVanLehn,Y
BrianNelson--JReneVillalobos,N
BrianNelson--SarmaVrudhula,N
BrianNelson--ErinWalker,Y
BrianNelson--CaroleJeanWu,N
BrianNelson--TeresaWu,N
BrianNelson--GuoliangXue,N
BrianNelson--YezhouYang,N
BrianNelson--StephenSYau,N
RongPan--SethuramanPanchanathan,N
RongPan--PaoloPapotti,N
RongPan--GiuliaPedrielli,N
RongPan--FengboRen,N
RongPan--AndreaWRicha,N
RongPan--GeorgeRunger,Y
RongPan--HessamSarjoughian,N
RongPan--MohamedSarwat,N
RongPan--ArunabhaSen,N
RongPan--PauloShakarian,N
RongPan--AviralShrivastava,N
RongPan--DanShunk,N
RongPan--VioletSyrotiuk,N
RongPan--HanghangTong,Y
RongPan--KurtVanLehn,N
RongPan--JReneVillalobos,N
RongPan--SarmaVrudhula,N
RongPan--ErinWalker,N
RongPan--CaroleJeanWu,N
RongPan--TeresaWu,N
RongPan--GuoliangXue,N
RongPan--YezhouYang,N
RongPan--StephenSYau,N
SethuramanPanchanathan--PaoloPapotti,N
SethuramanPanchanathan--GiuliaPedrielli,N
SethuramanPanchanathan--FengboRen,N
SethuramanPanchanathan--AndreaWRicha,N
SethuramanPanchanathan--GeorgeRunger,N
SethuramanPanchanathan--HessamSarjoughian,N
SethuramanPanchanathan--MohamedSarwat,N
SethuramanPanchanathan--ArunabhaSen,N
SethuramanPanchanathan--PauloShakarian,N
SethuramanPanchanathan--AviralShrivastava,N
SethuramanPanchanathan--DanShunk,N
SethuramanPanchanathan--VioletSyrotiuk,N
SethuramanPanchanathan--HanghangTong,N
SethuramanPanchanathan--KurtVanLehn,N
SethuramanPanchanathan--JReneVillalobos,N
SethuramanPanchanathan--SarmaVrudhula,N
SethuramanPanchanathan--ErinWalker,N
SethuramanPanchanathan--CaroleJeanWu,N
SethuramanPanchanathan--TeresaWu,N
SethuramanPanchanathan--GuoliangXue,N
SethuramanPanchanathan--YezhouYang,N
SethuramanPanchanathan--StephenSYau,N
PaoloPapotti--GiuliaPedrielli,N
PaoloPapotti--FengboRen,N
PaoloPapotti--AndreaWRicha,N
PaoloPapotti--GeorgeRunger,N
PaoloPapotti--HessamSarjoughian,N
PaoloPapotti--MohamedSarwat,N
PaoloPapotti--ArunabhaSen,N
PaoloPapotti--PauloShakarian,N
PaoloPapotti--AviralShrivastava,N
PaoloPapotti--DanShunk,N
PaoloPapotti--VioletSyrotiuk,N
PaoloPapotti--HanghangTong,N
PaoloPapotti--KurtVanLehn,Y
PaoloPapotti--JReneVillalobos,N
PaoloPapotti--SarmaVrudhula,N
PaoloPapotti--ErinWalker,Y
PaoloPapotti--CaroleJeanWu,N
PaoloPapotti--TeresaWu,N
PaoloPapotti--GuoliangXue,N
PaoloPapotti--YezhouYang,N
PaoloPapotti--StephenSYau,N
GiuliaPedrielli--FengboRen,N
GiuliaPedrielli--AndreaWRicha,N
GiuliaPedrielli--GeorgeRunger,N
GiuliaPedrielli--HessamSarjoughian,N
GiuliaPedrielli--MohamedSarwat,N
GiuliaPedrielli--ArunabhaSen,N
GiuliaPedrielli--PauloShakarian,N
GiuliaPedrielli--AviralShrivastava,N
GiuliaPedrielli--DanShunk,Y
GiuliaPedrielli--VioletSyrotiuk,N
GiuliaPedrielli--HanghangTong,N
GiuliaPedrielli--KurtVanLehn,N
GiuliaPedrielli--JReneVillalobos,Y
GiuliaPedrielli--SarmaVrudhula,N
GiuliaPedrielli--ErinWalker,N
GiuliaPedrielli--CaroleJeanWu,N
GiuliaPedrielli--TeresaWu,N
GiuliaPedrielli--GuoliangXue,N
GiuliaPedrielli--YezhouYang,N
GiuliaPedrielli--StephenSYau,N
FengboRen--AndreaWRicha,N
FengboRen--GeorgeRunger,N
FengboRen--HessamSarjoughian,N
FengboRen--MohamedSarwat,N
FengboRen--ArunabhaSen,N
FengboRen--PauloShakarian,N
FengboRen--AviralShrivastava,Y
FengboRen--DanShunk,N
FengboRen--VioletSyrotiuk,N
FengboRen--HanghangTong,N
FengboRen--KurtVanLehn,N
FengboRen--JReneVillalobos,N
FengboRen--SarmaVrudhula,Y
FengboRen--ErinWalker,N
FengboRen--CaroleJeanWu,Y
FengboRen--TeresaWu,N
FengboRen--GuoliangXue,Y
FengboRen--YezhouYang,N
FengboRen--StephenSYau,N
AndreaWRicha--GeorgeRunger,N
AndreaWRicha--HessamSarjoughian,N
AndreaWRicha--MohamedSarwat,N
AndreaWRicha--ArunabhaSen,Y
AndreaWRicha--PauloShakarian,N
AndreaWRicha--AviralShrivastava,N
AndreaWRicha--DanShunk,N
AndreaWRicha--VioletSyrotiuk,N
AndreaWRicha--HanghangTong,N
AndreaWRicha--KurtVanLehn,N
AndreaWRicha--JReneVillalobos,N
AndreaWRicha--SarmaVrudhula,N
AndreaWRicha--ErinWalker,N
AndreaWRicha--CaroleJeanWu,N
AndreaWRicha--TeresaWu,N
AndreaWRicha--GuoliangXue,N
AndreaWRicha--YezhouYang,N
AndreaWRicha--StephenSYau,N
GeorgeRunger--HessamSarjoughian,N
GeorgeRunger--MohamedSarwat,N
GeorgeRunger--ArunabhaSen,N
GeorgeRunger--PauloShakarian,N
GeorgeRunger--AviralShrivastava,N
GeorgeRunger--DanShunk,N
GeorgeRunger--VioletSyrotiuk,N
GeorgeRunger--HanghangTong,Y
GeorgeRunger--KurtVanLehn,N
GeorgeRunger--JReneVillalobos,N
GeorgeRunger--SarmaVrudhula,N
GeorgeRunger--ErinWalker,N
GeorgeRunger--CaroleJeanWu,N
GeorgeRunger--TeresaWu,N
GeorgeRunger--GuoliangXue,N
GeorgeRunger--YezhouYang,N
GeorgeRunger--StephenSYau,N
HessamSarjoughian--MohamedSarwat,N
HessamSarjoughian--ArunabhaSen,N
HessamSarjoughian--PauloShakarian,N
HessamSarjoughian--AviralShrivastava,N
HessamSarjoughian--DanShunk,N
HessamSarjoughian--VioletSyrotiuk,N
HessamSarjoughian--HanghangTong,N
HessamSarjoughian--KurtVanLehn,N
HessamSarjoughian--JReneVillalobos,N
HessamSarjoughian--SarmaVrudhula,N
HessamSarjoughian--ErinWalker,N
HessamSarjoughian--CaroleJeanWu,N
HessamSarjoughian--TeresaWu,N
HessamSarjoughian--GuoliangXue,N
HessamSarjoughian--YezhouYang,N
HessamSarjoughian--StephenSYau,Y
MohamedSarwat--ArunabhaSen,N
MohamedSarwat--PauloShakarian,N
MohamedSarwat--AviralShrivastava,N
MohamedSarwat--DanShunk,N
MohamedSarwat--VioletSyrotiuk,N
MohamedSarwat--HanghangTong,N
MohamedSarwat--KurtVanLehn,N
MohamedSarwat--JReneVillalobos,N
MohamedSarwat--SarmaVrudhula,N
MohamedSarwat--ErinWalker,N
MohamedSarwat--CaroleJeanWu,N
MohamedSarwat--TeresaWu,N
MohamedSarwat--GuoliangXue,N
MohamedSarwat--YezhouYang,N
MohamedSarwat--StephenSYau,N
ArunabhaSen--PauloShakarian,N
ArunabhaSen--AviralShrivastava,N
ArunabhaSen--DanShunk,N
ArunabhaSen--VioletSyrotiuk,N
ArunabhaSen--HanghangTong,N
ArunabhaSen--KurtVanLehn,N
ArunabhaSen--JReneVillalobos,N
ArunabhaSen--SarmaVrudhula,N
ArunabhaSen--ErinWalker,N
ArunabhaSen--CaroleJeanWu,N
ArunabhaSen--TeresaWu,N
ArunabhaSen--GuoliangXue,N
ArunabhaSen--YezhouYang,N
ArunabhaSen--StephenSYau,N
PauloShakarian--AviralShrivastava,N
PauloShakarian--DanShunk,N
PauloShakarian--VioletSyrotiuk,N
PauloShakarian--HanghangTong,N
PauloShakarian--KurtVanLehn,N
PauloShakarian--JReneVillalobos,N
PauloShakarian--SarmaVrudhula,N
PauloShakarian--ErinWalker,N
PauloShakarian--CaroleJeanWu,N
PauloShakarian--TeresaWu,N
PauloShakarian--GuoliangXue,N
PauloShakarian--YezhouYang,N
PauloShakarian--StephenSYau,N
AviralShrivastava--DanShunk,N
AviralShrivastava--VioletSyrotiuk,N
AviralShrivastava--HanghangTong,N
AviralShrivastava--KurtVanLehn,N
AviralShrivastava--JReneVillalobos,N
AviralShrivastava--SarmaVrudhula,Y
AviralShrivastava--ErinWalker,N
AviralShrivastava--CaroleJeanWu,Y
AviralShrivastava--TeresaWu,N
AviralShrivastava--GuoliangXue,Y
AviralShrivastava--YezhouYang,N
AviralShrivastava--StephenSYau,N
DanShunk--VioletSyrotiuk,N
DanShunk--HanghangTong,N
DanShunk--KurtVanLehn,N
DanShunk--JReneVillalobos,Y
DanShunk--SarmaVrudhula,N
DanShunk--ErinWalker,N
DanShunk--CaroleJeanWu,N
DanShunk--TeresaWu,N
DanShunk--GuoliangXue,N
DanShunk--YezhouYang,N
DanShunk--StephenSYau,N
VioletSyrotiuk--HanghangTong,N
VioletSyrotiuk--KurtVanLehn,N
VioletSyrotiuk--JReneVillalobos,N
VioletSyrotiuk--SarmaVrudhula,N
VioletSyrotiuk--ErinWalker,N
VioletSyrotiuk--CaroleJeanWu,N
VioletSyrotiuk--TeresaWu,N
VioletSyrotiuk--GuoliangXue,N
VioletSyrotiuk--YezhouYang,N
VioletSyrotiuk--StephenSYau,N
HanghangTong--KurtVanLehn,N
HanghangTong--JReneVillalobos,N
HanghangTong--SarmaVrudhula,N
HanghangTong--ErinWalker,N
HanghangTong--CaroleJeanWu,N
HanghangTong--TeresaWu,N
HanghangTong--GuoliangXue,N
HanghangTong--YezhouYang,N
HanghangTong--StephenSYau,N
KurtVanLehn--JReneVillalobos,N
KurtVanLehn--SarmaVrudhula,N
KurtVanLehn--ErinWalker,Y
KurtVanLehn--CaroleJeanWu,N
KurtVanLehn--TeresaWu,N
KurtVanLehn--GuoliangXue,N
KurtVanLehn--YezhouYang,N
KurtVanLehn--StephenSYau,N
JReneVillalobos--SarmaVrudhula,N
JReneVillalobos--ErinWalker,N
JReneVillalobos--CaroleJeanWu,N
JReneVillalobos--TeresaWu,N
JReneVillalobos--GuoliangXue,N
JReneVillalobos--YezhouYang,N
JReneVillalobos--StephenSYau,N
SarmaVrudhula--ErinWalker,N
SarmaVrudhula--CaroleJeanWu,Y
SarmaVrudhula--TeresaWu,N
SarmaVrudhula--GuoliangXue,Y
SarmaVrudhula--YezhouYang,N
SarmaVrudhula--StephenSYau,N
ErinWalker--CaroleJeanWu,N
ErinWalker--TeresaWu,N
ErinWalker--GuoliangXue,N
ErinWalker--YezhouYang,N
ErinWalker--StephenSYau,N
CaroleJeanWu--TeresaWu,N
CaroleJeanWu--GuoliangXue,Y
CaroleJeanWu--YezhouYang,N
CaroleJeanWu--StephenSYau,N
TeresaWu--GuoliangXue,N
TeresaWu--YezhouYang,Y
TeresaWu--StephenSYau,N
GuoliangXue--YezhouYang,N
GuoliangXue--StephenSYau,N
YezhouYang--StephenSYau,N
