GailJoonAhn--AshishAmresh,N
GailJoonAhn--RonaldAskin,N
GailJoonAhn--RobertAtkinson,N
GailJoonAhn--JanakaBalasooriya,N
GailJoonAhn--AjayBansal,N
GailJoonAhn--SrividyaBansal,N
GailJoonAhn--ChittaBaral,N
GailJoonAhn--RidaBazzi,N
GailJoonAhn--HeniBenAmor,N
GailJoonAhn--NadyaBliss,N
GailJoonAhn--KSelcukCandan,N
GailJoonAhn--YinongChen,N
GailJoonAhn--CharlesColbourn,N
GailJoonAhn--JamesCollofello,N
GailJoonAhn--ParthaDasgupta,N
GailJoonAhn--HasanDavulcu,N
GailJoonAhn--AdamDoupe,N
GailJoonAhn--GeorgiosFainekos,N
GailJoonAhn--AshrafGaffar,N
GailJoonAhn--KevinGary,N
GailJoonAhn--EsmaGel,N
GailJoonAhn--JavierGonzalezSanchez,N
GailJoonAhn--SandeepGupta,N
GailJoonAhn--DianneHansford,N
GailJoonAhn--JingruiHe,N
GailJoonAhn--DijiangHuang,N
GailJoonAhn--SubbaraoKambhampati,N
GailJoonAhn--JoohyungLee,N
GailJoonAhn--YannHangLee,N
GailJoonAhn--BaoxinLi,N
GailJoonAhn--TimLindquist,N
GailJoonAhn--RossMaciejewski,N
GailJoonAhn--RyanMeuth,N
GailJoonAhn--PituMirchandani,N
GailJoonAhn--BrianNelson,N
GailJoonAhn--RongPan,N
GailJoonAhn--SethuramanPanchanathan,N
GailJoonAhn--PaoloPapotti,N
GailJoonAhn--GiuliaPedrielli,N
GailJoonAhn--FengboRen,N
GailJoonAhn--AndreaWRicha,N
GailJoonAhn--GeorgeRunger,N
GailJoonAhn--HessamSarjoughian,N
GailJoonAhn--MohamedSarwat,N
GailJoonAhn--ArunabhaSen,N
GailJoonAhn--PauloShakarian,N
GailJoonAhn--AviralShrivastava,N
GailJoonAhn--DanShunk,N
GailJoonAhn--VioletSyrotiuk,N
GailJoonAhn--HanghangTong,N
GailJoonAhn--KurtVanLehn,N
GailJoonAhn--JReneVillalobos,N
GailJoonAhn--SarmaVrudhula,N
GailJoonAhn--ErinWalker,N
GailJoonAhn--CaroleJeanWu,N
GailJoonAhn--TeresaWu,N
GailJoonAhn--GuoliangXue,N
GailJoonAhn--YezhouYang,N
GailJoonAhn--StephenSYau,N
AshishAmresh--RonaldAskin,Y
AshishAmresh--RobertAtkinson,Y
AshishAmresh--JanakaBalasooriya,Y
AshishAmresh--AjayBansal,Y
AshishAmresh--SrividyaBansal,Y
AshishAmresh--ChittaBaral,N
AshishAmresh--RidaBazzi,Y
AshishAmresh--HeniBenAmor,Y
AshishAmresh--NadyaBliss,Y
AshishAmresh--KSelcukCandan,N
AshishAmresh--YinongChen,N
AshishAmresh--CharlesColbourn,N
AshishAmresh--JamesCollofello,Y
AshishAmresh--ParthaDasgupta,Y
AshishAmresh--HasanDavulcu,Y
AshishAmresh--AdamDoupe,Y
AshishAmresh--GeorgiosFainekos,Y
AshishAmresh--AshrafGaffar,Y
AshishAmresh--KevinGary,Y
AshishAmresh--EsmaGel,Y
AshishAmresh--JavierGonzalezSanchez,Y
AshishAmresh--SandeepGupta,N
AshishAmresh--DianneHansford,Y
AshishAmresh--JingruiHe,Y
AshishAmresh--DijiangHuang,N
AshishAmresh--SubbaraoKambhampati,N
AshishAmresh--JoohyungLee,N
AshishAmresh--YannHangLee,Y
AshishAmresh--BaoxinLi,N
AshishAmresh--TimLindquist,Y
AshishAmresh--RossMaciejewski,N
AshishAmresh--RyanMeuth,Y
AshishAmresh--PituMirchandani,Y
AshishAmresh--BrianNelson,Y
AshishAmresh--RongPan,Y
AshishAmresh--SethuramanPanchanathan,N
AshishAmresh--PaoloPapotti,N
AshishAmresh--GiuliaPedrielli,Y
AshishAmresh--FengboRen,Y
AshishAmresh--AndreaWRicha,N
AshishAmresh--GeorgeRunger,Y
AshishAmresh--HessamSarjoughian,N
AshishAmresh--MohamedSarwat,Y
AshishAmresh--ArunabhaSen,Y
AshishAmresh--PauloShakarian,N
AshishAmresh--AviralShrivastava,N
AshishAmresh--DanShunk,Y
AshishAmresh--VioletSyrotiuk,Y
AshishAmresh--HanghangTong,N
AshishAmresh--KurtVanLehn,N
AshishAmresh--JReneVillalobos,Y
AshishAmresh--SarmaVrudhula,N
AshishAmresh--ErinWalker,N
AshishAmresh--CaroleJeanWu,Y
AshishAmresh--TeresaWu,Y
AshishAmresh--GuoliangXue,N
AshishAmresh--YezhouYang,Y
AshishAmresh--StephenSYau,N
RonaldAskin--RobertAtkinson,Y
RonaldAskin--JanakaBalasooriya,Y
RonaldAskin--AjayBansal,Y
RonaldAskin--SrividyaBansal,Y
RonaldAskin--ChittaBaral,N
RonaldAskin--RidaBazzi,Y
RonaldAskin--HeniBenAmor,Y
RonaldAskin--NadyaBliss,Y
RonaldAskin--KSelcukCandan,N
RonaldAskin--YinongChen,N
RonaldAskin--CharlesColbourn,N
RonaldAskin--JamesCollofello,Y
RonaldAskin--ParthaDasgupta,Y
RonaldAskin--HasanDavulcu,Y
RonaldAskin--AdamDoupe,Y
RonaldAskin--GeorgiosFainekos,Y
RonaldAskin--AshrafGaffar,Y
RonaldAskin--KevinGary,Y
RonaldAskin--EsmaGel,Y
RonaldAskin--JavierGonzalezSanchez,Y
RonaldAskin--SandeepGupta,N
RonaldAskin--DianneHansford,Y
RonaldAskin--JingruiHe,Y
RonaldAskin--DijiangHuang,N
RonaldAskin--SubbaraoKambhampati,N
RonaldAskin--JoohyungLee,N
RonaldAskin--YannHangLee,Y
RonaldAskin--BaoxinLi,N
RonaldAskin--TimLindquist,Y
RonaldAskin--RossMaciejewski,N
RonaldAskin--RyanMeuth,Y
RonaldAskin--PituMirchandani,Y
RonaldAskin--BrianNelson,Y
RonaldAskin--RongPan,Y
RonaldAskin--SethuramanPanchanathan,N
RonaldAskin--PaoloPapotti,N
RonaldAskin--GiuliaPedrielli,Y
RonaldAskin--FengboRen,Y
RonaldAskin--AndreaWRicha,N
RonaldAskin--GeorgeRunger,Y
RonaldAskin--HessamSarjoughian,N
RonaldAskin--MohamedSarwat,Y
RonaldAskin--ArunabhaSen,Y
RonaldAskin--PauloShakarian,N
RonaldAskin--AviralShrivastava,N
RonaldAskin--DanShunk,Y
RonaldAskin--VioletSyrotiuk,Y
RonaldAskin--HanghangTong,N
RonaldAskin--KurtVanLehn,N
RonaldAskin--JReneVillalobos,Y
RonaldAskin--SarmaVrudhula,N
RonaldAskin--ErinWalker,N
RonaldAskin--CaroleJeanWu,Y
RonaldAskin--TeresaWu,Y
RonaldAskin--GuoliangXue,N
RonaldAskin--YezhouYang,Y
RonaldAskin--StephenSYau,N
RobertAtkinson--JanakaBalasooriya,Y
RobertAtkinson--AjayBansal,Y
RobertAtkinson--SrividyaBansal,Y
RobertAtkinson--ChittaBaral,N
RobertAtkinson--RidaBazzi,Y
RobertAtkinson--HeniBenAmor,Y
RobertAtkinson--NadyaBliss,Y
RobertAtkinson--KSelcukCandan,N
RobertAtkinson--YinongChen,N
RobertAtkinson--CharlesColbourn,N
RobertAtkinson--JamesCollofello,Y
RobertAtkinson--ParthaDasgupta,Y
RobertAtkinson--HasanDavulcu,Y
RobertAtkinson--AdamDoupe,Y
RobertAtkinson--GeorgiosFainekos,Y
RobertAtkinson--AshrafGaffar,Y
RobertAtkinson--KevinGary,Y
RobertAtkinson--EsmaGel,Y
RobertAtkinson--JavierGonzalezSanchez,Y
RobertAtkinson--SandeepGupta,N
RobertAtkinson--DianneHansford,Y
RobertAtkinson--JingruiHe,Y
RobertAtkinson--DijiangHuang,N
RobertAtkinson--SubbaraoKambhampati,N
RobertAtkinson--JoohyungLee,N
RobertAtkinson--YannHangLee,Y
RobertAtkinson--BaoxinLi,N
RobertAtkinson--TimLindquist,Y
RobertAtkinson--RossMaciejewski,N
RobertAtkinson--RyanMeuth,Y
RobertAtkinson--PituMirchandani,Y
RobertAtkinson--BrianNelson,Y
RobertAtkinson--RongPan,Y
RobertAtkinson--SethuramanPanchanathan,N
RobertAtkinson--PaoloPapotti,N
RobertAtkinson--GiuliaPedrielli,Y
RobertAtkinson--FengboRen,Y
RobertAtkinson--AndreaWRicha,N
RobertAtkinson--GeorgeRunger,Y
RobertAtkinson--HessamSarjoughian,N
RobertAtkinson--MohamedSarwat,Y
RobertAtkinson--ArunabhaSen,Y
RobertAtkinson--PauloShakarian,N
RobertAtkinson--AviralShrivastava,N
RobertAtkinson--DanShunk,Y
RobertAtkinson--VioletSyrotiuk,Y
RobertAtkinson--HanghangTong,N
RobertAtkinson--KurtVanLehn,N
RobertAtkinson--JReneVillalobos,Y
RobertAtkinson--SarmaVrudhula,N
RobertAtkinson--ErinWalker,N
RobertAtkinson--CaroleJeanWu,Y
RobertAtkinson--TeresaWu,Y
RobertAtkinson--GuoliangXue,N
RobertAtkinson--YezhouYang,Y
RobertAtkinson--StephenSYau,N
JanakaBalasooriya--AjayBansal,Y
JanakaBalasooriya--SrividyaBansal,Y
JanakaBalasooriya--ChittaBaral,N
JanakaBalasooriya--RidaBazzi,Y
JanakaBalasooriya--HeniBenAmor,Y
JanakaBalasooriya--NadyaBliss,Y
JanakaBalasooriya--KSelcukCandan,N
JanakaBalasooriya--YinongChen,N
JanakaBalasooriya--CharlesColbourn,N
JanakaBalasooriya--JamesCollofello,Y
JanakaBalasooriya--ParthaDasgupta,Y
JanakaBalasooriya--HasanDavulcu,Y
JanakaBalasooriya--AdamDoupe,Y
JanakaBalasooriya--GeorgiosFainekos,Y
JanakaBalasooriya--AshrafGaffar,Y
JanakaBalasooriya--KevinGary,Y
JanakaBalasooriya--EsmaGel,Y
JanakaBalasooriya--JavierGonzalezSanchez,Y
JanakaBalasooriya--SandeepGupta,N
JanakaBalasooriya--DianneHansford,Y
JanakaBalasooriya--JingruiHe,Y
JanakaBalasooriya--DijiangHuang,N
JanakaBalasooriya--SubbaraoKambhampati,N
JanakaBalasooriya--JoohyungLee,N
JanakaBalasooriya--YannHangLee,Y
JanakaBalasooriya--BaoxinLi,N
JanakaBalasooriya--TimLindquist,Y
JanakaBalasooriya--RossMaciejewski,N
JanakaBalasooriya--RyanMeuth,Y
JanakaBalasooriya--PituMirchandani,Y
JanakaBalasooriya--BrianNelson,Y
JanakaBalasooriya--RongPan,Y
JanakaBalasooriya--SethuramanPanchanathan,N
JanakaBalasooriya--PaoloPapotti,N
JanakaBalasooriya--GiuliaPedrielli,Y
JanakaBalasooriya--FengboRen,Y
JanakaBalasooriya--AndreaWRicha,N
JanakaBalasooriya--GeorgeRunger,Y
JanakaBalasooriya--HessamSarjoughian,N
JanakaBalasooriya--MohamedSarwat,Y
JanakaBalasooriya--ArunabhaSen,Y
JanakaBalasooriya--PauloShakarian,N
JanakaBalasooriya--AviralShrivastava,N
JanakaBalasooriya--DanShunk,Y
JanakaBalasooriya--VioletSyrotiuk,Y
JanakaBalasooriya--HanghangTong,N
JanakaBalasooriya--KurtVanLehn,N
JanakaBalasooriya--JReneVillalobos,Y
JanakaBalasooriya--SarmaVrudhula,N
JanakaBalasooriya--ErinWalker,N
JanakaBalasooriya--CaroleJeanWu,Y
JanakaBalasooriya--TeresaWu,Y
JanakaBalasooriya--GuoliangXue,N
JanakaBalasooriya--YezhouYang,Y
JanakaBalasooriya--StephenSYau,N
AjayBansal--SrividyaBansal,Y
AjayBansal--ChittaBaral,N
AjayBansal--RidaBazzi,Y
AjayBansal--HeniBenAmor,Y
AjayBansal--NadyaBliss,Y
AjayBansal--KSelcukCandan,N
AjayBansal--YinongChen,N
AjayBansal--CharlesColbourn,N
AjayBansal--JamesCollofello,Y
AjayBansal--ParthaDasgupta,Y
AjayBansal--HasanDavulcu,Y
AjayBansal--AdamDoupe,Y
AjayBansal--GeorgiosFainekos,Y
AjayBansal--AshrafGaffar,Y
AjayBansal--KevinGary,Y
AjayBansal--EsmaGel,Y
AjayBansal--JavierGonzalezSanchez,Y
AjayBansal--SandeepGupta,N
AjayBansal--DianneHansford,Y
AjayBansal--JingruiHe,Y
AjayBansal--DijiangHuang,N
AjayBansal--SubbaraoKambhampati,N
AjayBansal--JoohyungLee,N
AjayBansal--YannHangLee,Y
AjayBansal--BaoxinLi,N
AjayBansal--TimLindquist,Y
AjayBansal--RossMaciejewski,N
AjayBansal--RyanMeuth,Y
AjayBansal--PituMirchandani,Y
AjayBansal--BrianNelson,Y
AjayBansal--RongPan,Y
AjayBansal--SethuramanPanchanathan,N
AjayBansal--PaoloPapotti,N
AjayBansal--GiuliaPedrielli,Y
AjayBansal--FengboRen,Y
AjayBansal--AndreaWRicha,N
AjayBansal--GeorgeRunger,Y
AjayBansal--HessamSarjoughian,N
AjayBansal--MohamedSarwat,Y
AjayBansal--ArunabhaSen,Y
AjayBansal--PauloShakarian,N
AjayBansal--AviralShrivastava,N
AjayBansal--DanShunk,Y
AjayBansal--VioletSyrotiuk,Y
AjayBansal--HanghangTong,N
AjayBansal--KurtVanLehn,N
AjayBansal--JReneVillalobos,Y
AjayBansal--SarmaVrudhula,N
AjayBansal--ErinWalker,N
AjayBansal--CaroleJeanWu,Y
AjayBansal--TeresaWu,Y
AjayBansal--GuoliangXue,N
AjayBansal--YezhouYang,Y
AjayBansal--StephenSYau,N
SrividyaBansal--ChittaBaral,N
SrividyaBansal--RidaBazzi,Y
SrividyaBansal--HeniBenAmor,Y
SrividyaBansal--NadyaBliss,Y
SrividyaBansal--KSelcukCandan,N
SrividyaBansal--YinongChen,N
SrividyaBansal--CharlesColbourn,N
SrividyaBansal--JamesCollofello,Y
SrividyaBansal--ParthaDasgupta,Y
SrividyaBansal--HasanDavulcu,Y
SrividyaBansal--AdamDoupe,Y
SrividyaBansal--GeorgiosFainekos,Y
SrividyaBansal--AshrafGaffar,Y
SrividyaBansal--KevinGary,Y
SrividyaBansal--EsmaGel,Y
SrividyaBansal--JavierGonzalezSanchez,Y
SrividyaBansal--SandeepGupta,N
SrividyaBansal--DianneHansford,Y
SrividyaBansal--JingruiHe,Y
SrividyaBansal--DijiangHuang,N
SrividyaBansal--SubbaraoKambhampati,N
SrividyaBansal--JoohyungLee,N
SrividyaBansal--YannHangLee,Y
SrividyaBansal--BaoxinLi,N
SrividyaBansal--TimLindquist,Y
SrividyaBansal--RossMaciejewski,N
SrividyaBansal--RyanMeuth,Y
SrividyaBansal--PituMirchandani,Y
SrividyaBansal--BrianNelson,Y
SrividyaBansal--RongPan,Y
SrividyaBansal--SethuramanPanchanathan,N
SrividyaBansal--PaoloPapotti,N
SrividyaBansal--GiuliaPedrielli,Y
SrividyaBansal--FengboRen,Y
SrividyaBansal--AndreaWRicha,N
SrividyaBansal--GeorgeRunger,Y
SrividyaBansal--HessamSarjoughian,N
SrividyaBansal--MohamedSarwat,Y
SrividyaBansal--ArunabhaSen,Y
SrividyaBansal--PauloShakarian,N
SrividyaBansal--AviralShrivastava,N
SrividyaBansal--DanShunk,Y
SrividyaBansal--VioletSyrotiuk,Y
SrividyaBansal--HanghangTong,N
SrividyaBansal--KurtVanLehn,N
SrividyaBansal--JReneVillalobos,Y
SrividyaBansal--SarmaVrudhula,N
SrividyaBansal--ErinWalker,N
SrividyaBansal--CaroleJeanWu,Y
SrividyaBansal--TeresaWu,Y
SrividyaBansal--GuoliangXue,N
SrividyaBansal--YezhouYang,Y
SrividyaBansal--StephenSYau,N
ChittaBaral--RidaBazzi,N
ChittaBaral--HeniBenAmor,N
ChittaBaral--NadyaBliss,N
ChittaBaral--KSelcukCandan,N
ChittaBaral--YinongChen,N
ChittaBaral--CharlesColbourn,N
ChittaBaral--JamesCollofello,N
ChittaBaral--ParthaDasgupta,N
ChittaBaral--HasanDavulcu,N
ChittaBaral--AdamDoupe,N
ChittaBaral--GeorgiosFainekos,N
ChittaBaral--AshrafGaffar,N
ChittaBaral--KevinGary,N
ChittaBaral--EsmaGel,N
ChittaBaral--JavierGonzalezSanchez,N
ChittaBaral--SandeepGupta,N
ChittaBaral--DianneHansford,N
ChittaBaral--JingruiHe,N
ChittaBaral--DijiangHuang,N
ChittaBaral--SubbaraoKambhampati,N
ChittaBaral--JoohyungLee,Y
ChittaBaral--YannHangLee,N
ChittaBaral--BaoxinLi,N
ChittaBaral--TimLindquist,N
ChittaBaral--RossMaciejewski,N
ChittaBaral--RyanMeuth,N
ChittaBaral--PituMirchandani,N
ChittaBaral--BrianNelson,N
ChittaBaral--RongPan,N
ChittaBaral--SethuramanPanchanathan,N
ChittaBaral--PaoloPapotti,N
ChittaBaral--GiuliaPedrielli,N
ChittaBaral--FengboRen,N
ChittaBaral--AndreaWRicha,N
ChittaBaral--GeorgeRunger,N
ChittaBaral--HessamSarjoughian,N
ChittaBaral--MohamedSarwat,N
ChittaBaral--ArunabhaSen,N
ChittaBaral--PauloShakarian,Y
ChittaBaral--AviralShrivastava,N
ChittaBaral--DanShunk,N
ChittaBaral--VioletSyrotiuk,N
ChittaBaral--HanghangTong,N
ChittaBaral--KurtVanLehn,N
ChittaBaral--JReneVillalobos,N
ChittaBaral--SarmaVrudhula,N
ChittaBaral--ErinWalker,N
ChittaBaral--CaroleJeanWu,N
ChittaBaral--TeresaWu,N
ChittaBaral--GuoliangXue,N
ChittaBaral--YezhouYang,N
ChittaBaral--StephenSYau,N
RidaBazzi--HeniBenAmor,Y
RidaBazzi--NadyaBliss,Y
RidaBazzi--KSelcukCandan,N
RidaBazzi--YinongChen,N
RidaBazzi--CharlesColbourn,N
RidaBazzi--JamesCollofello,Y
RidaBazzi--ParthaDasgupta,Y
RidaBazzi--HasanDavulcu,Y
RidaBazzi--AdamDoupe,Y
RidaBazzi--GeorgiosFainekos,Y
RidaBazzi--AshrafGaffar,Y
RidaBazzi--KevinGary,Y
RidaBazzi--EsmaGel,Y
RidaBazzi--JavierGonzalezSanchez,Y
RidaBazzi--SandeepGupta,N
RidaBazzi--DianneHansford,Y
RidaBazzi--JingruiHe,Y
RidaBazzi--DijiangHuang,N
RidaBazzi--SubbaraoKambhampati,N
RidaBazzi--JoohyungLee,N
RidaBazzi--YannHangLee,Y
RidaBazzi--BaoxinLi,N
RidaBazzi--TimLindquist,Y
RidaBazzi--RossMaciejewski,N
RidaBazzi--RyanMeuth,Y
RidaBazzi--PituMirchandani,Y
RidaBazzi--BrianNelson,Y
RidaBazzi--RongPan,Y
RidaBazzi--SethuramanPanchanathan,N
RidaBazzi--PaoloPapotti,N
RidaBazzi--GiuliaPedrielli,Y
RidaBazzi--FengboRen,Y
RidaBazzi--AndreaWRicha,N
RidaBazzi--GeorgeRunger,Y
RidaBazzi--HessamSarjoughian,N
RidaBazzi--MohamedSarwat,Y
RidaBazzi--ArunabhaSen,Y
RidaBazzi--PauloShakarian,N
RidaBazzi--AviralShrivastava,N
RidaBazzi--DanShunk,Y
RidaBazzi--VioletSyrotiuk,Y
RidaBazzi--HanghangTong,N
RidaBazzi--KurtVanLehn,N
RidaBazzi--JReneVillalobos,Y
RidaBazzi--SarmaVrudhula,N
RidaBazzi--ErinWalker,N
RidaBazzi--CaroleJeanWu,Y
RidaBazzi--TeresaWu,Y
RidaBazzi--GuoliangXue,N
RidaBazzi--YezhouYang,Y
RidaBazzi--StephenSYau,N
HeniBenAmor--NadyaBliss,Y
HeniBenAmor--KSelcukCandan,N
HeniBenAmor--YinongChen,N
HeniBenAmor--CharlesColbourn,N
HeniBenAmor--JamesCollofello,Y
HeniBenAmor--ParthaDasgupta,Y
HeniBenAmor--HasanDavulcu,Y
HeniBenAmor--AdamDoupe,Y
HeniBenAmor--GeorgiosFainekos,Y
HeniBenAmor--AshrafGaffar,Y
HeniBenAmor--KevinGary,Y
HeniBenAmor--EsmaGel,Y
HeniBenAmor--JavierGonzalezSanchez,Y
HeniBenAmor--SandeepGupta,N
HeniBenAmor--DianneHansford,Y
HeniBenAmor--JingruiHe,Y
HeniBenAmor--DijiangHuang,N
HeniBenAmor--SubbaraoKambhampati,N
HeniBenAmor--JoohyungLee,N
HeniBenAmor--YannHangLee,Y
HeniBenAmor--BaoxinLi,N
HeniBenAmor--TimLindquist,Y
HeniBenAmor--RossMaciejewski,N
HeniBenAmor--RyanMeuth,Y
HeniBenAmor--PituMirchandani,Y
HeniBenAmor--BrianNelson,Y
HeniBenAmor--RongPan,Y
HeniBenAmor--SethuramanPanchanathan,N
HeniBenAmor--PaoloPapotti,N
HeniBenAmor--GiuliaPedrielli,Y
HeniBenAmor--FengboRen,Y
HeniBenAmor--AndreaWRicha,N
HeniBenAmor--GeorgeRunger,Y
HeniBenAmor--HessamSarjoughian,N
HeniBenAmor--MohamedSarwat,Y
HeniBenAmor--ArunabhaSen,Y
HeniBenAmor--PauloShakarian,N
HeniBenAmor--AviralShrivastava,N
HeniBenAmor--DanShunk,Y
HeniBenAmor--VioletSyrotiuk,Y
HeniBenAmor--HanghangTong,N
HeniBenAmor--KurtVanLehn,N
HeniBenAmor--JReneVillalobos,Y
HeniBenAmor--SarmaVrudhula,N
HeniBenAmor--ErinWalker,N
HeniBenAmor--CaroleJeanWu,Y
HeniBenAmor--TeresaWu,Y
HeniBenAmor--GuoliangXue,N
HeniBenAmor--YezhouYang,Y
HeniBenAmor--StephenSYau,N
NadyaBliss--KSelcukCandan,N
NadyaBliss--YinongChen,N
NadyaBliss--CharlesColbourn,N
NadyaBliss--JamesCollofello,Y
NadyaBliss--ParthaDasgupta,Y
NadyaBliss--HasanDavulcu,Y
NadyaBliss--AdamDoupe,Y
NadyaBliss--GeorgiosFainekos,Y
NadyaBliss--AshrafGaffar,Y
NadyaBliss--KevinGary,Y
NadyaBliss--EsmaGel,Y
NadyaBliss--JavierGonzalezSanchez,Y
NadyaBliss--SandeepGupta,N
NadyaBliss--DianneHansford,Y
NadyaBliss--JingruiHe,Y
NadyaBliss--DijiangHuang,N
NadyaBliss--SubbaraoKambhampati,N
NadyaBliss--JoohyungLee,N
NadyaBliss--YannHangLee,Y
NadyaBliss--BaoxinLi,N
NadyaBliss--TimLindquist,Y
NadyaBliss--RossMaciejewski,N
NadyaBliss--RyanMeuth,Y
NadyaBliss--PituMirchandani,Y
NadyaBliss--BrianNelson,Y
NadyaBliss--RongPan,Y
NadyaBliss--SethuramanPanchanathan,N
NadyaBliss--PaoloPapotti,N
NadyaBliss--GiuliaPedrielli,Y
NadyaBliss--FengboRen,Y
NadyaBliss--AndreaWRicha,N
NadyaBliss--GeorgeRunger,Y
NadyaBliss--HessamSarjoughian,N
NadyaBliss--MohamedSarwat,Y
NadyaBliss--ArunabhaSen,Y
NadyaBliss--PauloShakarian,N
NadyaBliss--AviralShrivastava,N
NadyaBliss--DanShunk,Y
NadyaBliss--VioletSyrotiuk,Y
NadyaBliss--HanghangTong,N
NadyaBliss--KurtVanLehn,N
NadyaBliss--JReneVillalobos,Y
NadyaBliss--SarmaVrudhula,N
NadyaBliss--ErinWalker,N
NadyaBliss--CaroleJeanWu,Y
NadyaBliss--TeresaWu,Y
NadyaBliss--GuoliangXue,N
NadyaBliss--YezhouYang,Y
NadyaBliss--StephenSYau,N
KSelcukCandan--YinongChen,N
KSelcukCandan--CharlesColbourn,N
KSelcukCandan--JamesCollofello,N
KSelcukCandan--ParthaDasgupta,N
KSelcukCandan--HasanDavulcu,N
KSelcukCandan--AdamDoupe,N
KSelcukCandan--GeorgiosFainekos,N
KSelcukCandan--AshrafGaffar,N
KSelcukCandan--KevinGary,N
KSelcukCandan--EsmaGel,N
KSelcukCandan--JavierGonzalezSanchez,N
KSelcukCandan--SandeepGupta,N
KSelcukCandan--DianneHansford,N
KSelcukCandan--JingruiHe,N
KSelcukCandan--DijiangHuang,N
KSelcukCandan--SubbaraoKambhampati,N
KSelcukCandan--JoohyungLee,N
KSelcukCandan--YannHangLee,N
KSelcukCandan--BaoxinLi,N
KSelcukCandan--TimLindquist,N
KSelcukCandan--RossMaciejewski,Y
KSelcukCandan--RyanMeuth,N
KSelcukCandan--PituMirchandani,N
KSelcukCandan--BrianNelson,N
KSelcukCandan--RongPan,N
KSelcukCandan--SethuramanPanchanathan,N
KSelcukCandan--PaoloPapotti,Y
KSelcukCandan--GiuliaPedrielli,N
KSelcukCandan--FengboRen,N
KSelcukCandan--AndreaWRicha,N
KSelcukCandan--GeorgeRunger,N
KSelcukCandan--HessamSarjoughian,N
KSelcukCandan--MohamedSarwat,N
KSelcukCandan--ArunabhaSen,N
KSelcukCandan--PauloShakarian,N
KSelcukCandan--AviralShrivastava,N
KSelcukCandan--DanShunk,N
KSelcukCandan--VioletSyrotiuk,N
KSelcukCandan--HanghangTong,N
KSelcukCandan--KurtVanLehn,N
KSelcukCandan--JReneVillalobos,N
KSelcukCandan--SarmaVrudhula,N
KSelcukCandan--ErinWalker,N
KSelcukCandan--CaroleJeanWu,N
KSelcukCandan--TeresaWu,N
KSelcukCandan--GuoliangXue,N
KSelcukCandan--YezhouYang,N
KSelcukCandan--StephenSYau,N
YinongChen--CharlesColbourn,N
YinongChen--JamesCollofello,N
YinongChen--ParthaDasgupta,N
YinongChen--HasanDavulcu,N
YinongChen--AdamDoupe,N
YinongChen--GeorgiosFainekos,N
YinongChen--AshrafGaffar,N
YinongChen--KevinGary,N
YinongChen--EsmaGel,N
YinongChen--JavierGonzalezSanchez,N
YinongChen--SandeepGupta,N
YinongChen--DianneHansford,N
YinongChen--JingruiHe,N
YinongChen--DijiangHuang,N
YinongChen--SubbaraoKambhampati,N
YinongChen--JoohyungLee,N
YinongChen--YannHangLee,N
YinongChen--BaoxinLi,N
YinongChen--TimLindquist,N
YinongChen--RossMaciejewski,N
YinongChen--RyanMeuth,N
YinongChen--PituMirchandani,N
YinongChen--BrianNelson,N
YinongChen--RongPan,N
YinongChen--SethuramanPanchanathan,N
YinongChen--PaoloPapotti,N
YinongChen--GiuliaPedrielli,N
YinongChen--FengboRen,N
YinongChen--AndreaWRicha,N
YinongChen--GeorgeRunger,N
YinongChen--HessamSarjoughian,N
YinongChen--MohamedSarwat,N
YinongChen--ArunabhaSen,N
YinongChen--PauloShakarian,N
YinongChen--AviralShrivastava,N
YinongChen--DanShunk,N
YinongChen--VioletSyrotiuk,N
YinongChen--HanghangTong,N
YinongChen--KurtVanLehn,N
YinongChen--JReneVillalobos,N
YinongChen--SarmaVrudhula,N
YinongChen--ErinWalker,N
YinongChen--CaroleJeanWu,N
YinongChen--TeresaWu,N
YinongChen--GuoliangXue,N
YinongChen--YezhouYang,N
YinongChen--StephenSYau,Y
CharlesColbourn--JamesCollofello,N
CharlesColbourn--ParthaDasgupta,N
CharlesColbourn--HasanDavulcu,N
CharlesColbourn--AdamDoupe,N
CharlesColbourn--GeorgiosFainekos,N
CharlesColbourn--AshrafGaffar,N
CharlesColbourn--KevinGary,N
CharlesColbourn--EsmaGel,N
CharlesColbourn--JavierGonzalezSanchez,N
CharlesColbourn--SandeepGupta,N
CharlesColbourn--DianneHansford,N
CharlesColbourn--JingruiHe,N
CharlesColbourn--DijiangHuang,N
CharlesColbourn--SubbaraoKambhampati,N
CharlesColbourn--JoohyungLee,N
CharlesColbourn--YannHangLee,N
CharlesColbourn--BaoxinLi,N
CharlesColbourn--TimLindquist,N
CharlesColbourn--RossMaciejewski,N
CharlesColbourn--RyanMeuth,N
CharlesColbourn--PituMirchandani,N
CharlesColbourn--BrianNelson,N
CharlesColbourn--RongPan,N
CharlesColbourn--SethuramanPanchanathan,N
CharlesColbourn--PaoloPapotti,N
CharlesColbourn--GiuliaPedrielli,N
CharlesColbourn--FengboRen,N
CharlesColbourn--AndreaWRicha,N
CharlesColbourn--GeorgeRunger,N
CharlesColbourn--HessamSarjoughian,N
CharlesColbourn--MohamedSarwat,N
CharlesColbourn--ArunabhaSen,N
CharlesColbourn--PauloShakarian,N
CharlesColbourn--AviralShrivastava,N
CharlesColbourn--DanShunk,N
CharlesColbourn--VioletSyrotiuk,N
CharlesColbourn--HanghangTong,N
CharlesColbourn--KurtVanLehn,N
CharlesColbourn--JReneVillalobos,N
CharlesColbourn--SarmaVrudhula,N
CharlesColbourn--ErinWalker,N
CharlesColbourn--CaroleJeanWu,N
CharlesColbourn--TeresaWu,N
CharlesColbourn--GuoliangXue,N
CharlesColbourn--YezhouYang,N
CharlesColbourn--StephenSYau,N
JamesCollofello--ParthaDasgupta,Y
JamesCollofello--HasanDavulcu,Y
JamesCollofello--AdamDoupe,Y
JamesCollofello--GeorgiosFainekos,Y
JamesCollofello--AshrafGaffar,Y
JamesCollofello--KevinGary,Y
JamesCollofello--EsmaGel,Y
JamesCollofello--JavierGonzalezSanchez,Y
JamesCollofello--SandeepGupta,N
JamesCollofello--DianneHansford,Y
JamesCollofello--JingruiHe,Y
JamesCollofello--DijiangHuang,N
JamesCollofello--SubbaraoKambhampati,N
JamesCollofello--JoohyungLee,N
JamesCollofello--YannHangLee,Y
JamesCollofello--BaoxinLi,N
JamesCollofello--TimLindquist,Y
JamesCollofello--RossMaciejewski,N
JamesCollofello--RyanMeuth,Y
JamesCollofello--PituMirchandani,Y
JamesCollofello--BrianNelson,Y
JamesCollofello--RongPan,Y
JamesCollofello--SethuramanPanchanathan,N
JamesCollofello--PaoloPapotti,N
JamesCollofello--GiuliaPedrielli,Y
JamesCollofello--FengboRen,Y
JamesCollofello--AndreaWRicha,N
JamesCollofello--GeorgeRunger,Y
JamesCollofello--HessamSarjoughian,N
JamesCollofello--MohamedSarwat,Y
JamesCollofello--ArunabhaSen,Y
JamesCollofello--PauloShakarian,N
JamesCollofello--AviralShrivastava,N
JamesCollofello--DanShunk,Y
JamesCollofello--VioletSyrotiuk,Y
JamesCollofello--HanghangTong,N
JamesCollofello--KurtVanLehn,N
JamesCollofello--JReneVillalobos,Y
JamesCollofello--SarmaVrudhula,N
JamesCollofello--ErinWalker,N
JamesCollofello--CaroleJeanWu,Y
JamesCollofello--TeresaWu,Y
JamesCollofello--GuoliangXue,N
JamesCollofello--YezhouYang,Y
JamesCollofello--StephenSYau,N
ParthaDasgupta--HasanDavulcu,Y
ParthaDasgupta--AdamDoupe,Y
ParthaDasgupta--GeorgiosFainekos,Y
ParthaDasgupta--AshrafGaffar,Y
ParthaDasgupta--KevinGary,Y
ParthaDasgupta--EsmaGel,Y
ParthaDasgupta--JavierGonzalezSanchez,Y
ParthaDasgupta--SandeepGupta,N
ParthaDasgupta--DianneHansford,Y
ParthaDasgupta--JingruiHe,Y
ParthaDasgupta--DijiangHuang,N
ParthaDasgupta--SubbaraoKambhampati,N
ParthaDasgupta--JoohyungLee,N
ParthaDasgupta--YannHangLee,Y
ParthaDasgupta--BaoxinLi,N
ParthaDasgupta--TimLindquist,Y
ParthaDasgupta--RossMaciejewski,N
ParthaDasgupta--RyanMeuth,Y
ParthaDasgupta--PituMirchandani,Y
ParthaDasgupta--BrianNelson,Y
ParthaDasgupta--RongPan,Y
ParthaDasgupta--SethuramanPanchanathan,N
ParthaDasgupta--PaoloPapotti,N
ParthaDasgupta--GiuliaPedrielli,Y
ParthaDasgupta--FengboRen,Y
ParthaDasgupta--AndreaWRicha,N
ParthaDasgupta--GeorgeRunger,Y
ParthaDasgupta--HessamSarjoughian,N
ParthaDasgupta--MohamedSarwat,Y
ParthaDasgupta--ArunabhaSen,Y
ParthaDasgupta--PauloShakarian,N
ParthaDasgupta--AviralShrivastava,N
ParthaDasgupta--DanShunk,Y
ParthaDasgupta--VioletSyrotiuk,Y
ParthaDasgupta--HanghangTong,N
ParthaDasgupta--KurtVanLehn,N
ParthaDasgupta--JReneVillalobos,Y
ParthaDasgupta--SarmaVrudhula,N
ParthaDasgupta--ErinWalker,N
ParthaDasgupta--CaroleJeanWu,Y
ParthaDasgupta--TeresaWu,Y
ParthaDasgupta--GuoliangXue,N
ParthaDasgupta--YezhouYang,Y
ParthaDasgupta--StephenSYau,N
HasanDavulcu--AdamDoupe,Y
HasanDavulcu--GeorgiosFainekos,Y
HasanDavulcu--AshrafGaffar,Y
HasanDavulcu--KevinGary,Y
HasanDavulcu--EsmaGel,Y
HasanDavulcu--JavierGonzalezSanchez,Y
HasanDavulcu--SandeepGupta,N
HasanDavulcu--DianneHansford,Y
HasanDavulcu--JingruiHe,Y
HasanDavulcu--DijiangHuang,N
HasanDavulcu--SubbaraoKambhampati,N
HasanDavulcu--JoohyungLee,N
HasanDavulcu--YannHangLee,Y
HasanDavulcu--BaoxinLi,N
HasanDavulcu--TimLindquist,Y
HasanDavulcu--RossMaciejewski,N
HasanDavulcu--RyanMeuth,Y
HasanDavulcu--PituMirchandani,Y
HasanDavulcu--BrianNelson,Y
HasanDavulcu--RongPan,Y
HasanDavulcu--SethuramanPanchanathan,N
HasanDavulcu--PaoloPapotti,N
HasanDavulcu--GiuliaPedrielli,Y
HasanDavulcu--FengboRen,Y
HasanDavulcu--AndreaWRicha,N
HasanDavulcu--GeorgeRunger,Y
HasanDavulcu--HessamSarjoughian,N
HasanDavulcu--MohamedSarwat,Y
HasanDavulcu--ArunabhaSen,Y
HasanDavulcu--PauloShakarian,N
HasanDavulcu--AviralShrivastava,N
HasanDavulcu--DanShunk,Y
HasanDavulcu--VioletSyrotiuk,Y
HasanDavulcu--HanghangTong,N
HasanDavulcu--KurtVanLehn,N
HasanDavulcu--JReneVillalobos,Y
HasanDavulcu--SarmaVrudhula,N
HasanDavulcu--ErinWalker,N
HasanDavulcu--CaroleJeanWu,Y
HasanDavulcu--TeresaWu,Y
HasanDavulcu--GuoliangXue,N
HasanDavulcu--YezhouYang,Y
HasanDavulcu--StephenSYau,N
AdamDoupe--GeorgiosFainekos,Y
AdamDoupe--AshrafGaffar,Y
AdamDoupe--KevinGary,Y
AdamDoupe--EsmaGel,Y
AdamDoupe--JavierGonzalezSanchez,Y
AdamDoupe--SandeepGupta,N
AdamDoupe--DianneHansford,Y
AdamDoupe--JingruiHe,Y
AdamDoupe--DijiangHuang,N
AdamDoupe--SubbaraoKambhampati,N
AdamDoupe--JoohyungLee,N
AdamDoupe--YannHangLee,Y
AdamDoupe--BaoxinLi,N
AdamDoupe--TimLindquist,Y
AdamDoupe--RossMaciejewski,N
AdamDoupe--RyanMeuth,Y
AdamDoupe--PituMirchandani,Y
AdamDoupe--BrianNelson,Y
AdamDoupe--RongPan,Y
AdamDoupe--SethuramanPanchanathan,N
AdamDoupe--PaoloPapotti,N
AdamDoupe--GiuliaPedrielli,Y
AdamDoupe--FengboRen,Y
AdamDoupe--AndreaWRicha,N
AdamDoupe--GeorgeRunger,Y
AdamDoupe--HessamSarjoughian,N
AdamDoupe--MohamedSarwat,Y
AdamDoupe--ArunabhaSen,Y
AdamDoupe--PauloShakarian,N
AdamDoupe--AviralShrivastava,N
AdamDoupe--DanShunk,Y
AdamDoupe--VioletSyrotiuk,Y
AdamDoupe--HanghangTong,N
AdamDoupe--KurtVanLehn,N
AdamDoupe--JReneVillalobos,Y
AdamDoupe--SarmaVrudhula,N
AdamDoupe--ErinWalker,N
AdamDoupe--CaroleJeanWu,Y
AdamDoupe--TeresaWu,Y
AdamDoupe--GuoliangXue,N
AdamDoupe--YezhouYang,Y
AdamDoupe--StephenSYau,N
GeorgiosFainekos--AshrafGaffar,Y
GeorgiosFainekos--KevinGary,Y
GeorgiosFainekos--EsmaGel,Y
GeorgiosFainekos--JavierGonzalezSanchez,Y
GeorgiosFainekos--SandeepGupta,N
GeorgiosFainekos--DianneHansford,Y
GeorgiosFainekos--JingruiHe,Y
GeorgiosFainekos--DijiangHuang,N
GeorgiosFainekos--SubbaraoKambhampati,N
GeorgiosFainekos--JoohyungLee,N
GeorgiosFainekos--YannHangLee,Y
GeorgiosFainekos--BaoxinLi,N
GeorgiosFainekos--TimLindquist,Y
GeorgiosFainekos--RossMaciejewski,N
GeorgiosFainekos--RyanMeuth,Y
GeorgiosFainekos--PituMirchandani,Y
GeorgiosFainekos--BrianNelson,Y
GeorgiosFainekos--RongPan,Y
GeorgiosFainekos--SethuramanPanchanathan,N
GeorgiosFainekos--PaoloPapotti,N
GeorgiosFainekos--GiuliaPedrielli,Y
GeorgiosFainekos--FengboRen,Y
GeorgiosFainekos--AndreaWRicha,N
GeorgiosFainekos--GeorgeRunger,Y
GeorgiosFainekos--HessamSarjoughian,N
GeorgiosFainekos--MohamedSarwat,Y
GeorgiosFainekos--ArunabhaSen,Y
GeorgiosFainekos--PauloShakarian,N
GeorgiosFainekos--AviralShrivastava,N
GeorgiosFainekos--DanShunk,Y
GeorgiosFainekos--VioletSyrotiuk,Y
GeorgiosFainekos--HanghangTong,N
GeorgiosFainekos--KurtVanLehn,N
GeorgiosFainekos--JReneVillalobos,Y
GeorgiosFainekos--SarmaVrudhula,N
GeorgiosFainekos--ErinWalker,N
GeorgiosFainekos--CaroleJeanWu,Y
GeorgiosFainekos--TeresaWu,Y
GeorgiosFainekos--GuoliangXue,N
GeorgiosFainekos--YezhouYang,Y
GeorgiosFainekos--StephenSYau,N
AshrafGaffar--KevinGary,Y
AshrafGaffar--EsmaGel,Y
AshrafGaffar--JavierGonzalezSanchez,Y
AshrafGaffar--SandeepGupta,N
AshrafGaffar--DianneHansford,Y
AshrafGaffar--JingruiHe,Y
AshrafGaffar--DijiangHuang,N
AshrafGaffar--SubbaraoKambhampati,N
AshrafGaffar--JoohyungLee,N
AshrafGaffar--YannHangLee,Y
AshrafGaffar--BaoxinLi,N
AshrafGaffar--TimLindquist,Y
AshrafGaffar--RossMaciejewski,N
AshrafGaffar--RyanMeuth,Y
AshrafGaffar--PituMirchandani,Y
AshrafGaffar--BrianNelson,Y
AshrafGaffar--RongPan,Y
AshrafGaffar--SethuramanPanchanathan,N
AshrafGaffar--PaoloPapotti,N
AshrafGaffar--GiuliaPedrielli,Y
AshrafGaffar--FengboRen,Y
AshrafGaffar--AndreaWRicha,N
AshrafGaffar--GeorgeRunger,Y
AshrafGaffar--HessamSarjoughian,N
AshrafGaffar--MohamedSarwat,Y
AshrafGaffar--ArunabhaSen,Y
AshrafGaffar--PauloShakarian,N
AshrafGaffar--AviralShrivastava,N
AshrafGaffar--DanShunk,Y
AshrafGaffar--VioletSyrotiuk,Y
AshrafGaffar--HanghangTong,N
AshrafGaffar--KurtVanLehn,N
AshrafGaffar--JReneVillalobos,Y
AshrafGaffar--SarmaVrudhula,N
AshrafGaffar--ErinWalker,N
AshrafGaffar--CaroleJeanWu,Y
AshrafGaffar--TeresaWu,Y
AshrafGaffar--GuoliangXue,N
AshrafGaffar--YezhouYang,Y
AshrafGaffar--StephenSYau,N
KevinGary--EsmaGel,Y
KevinGary--JavierGonzalezSanchez,Y
KevinGary--SandeepGupta,N
KevinGary--DianneHansford,Y
KevinGary--JingruiHe,Y
KevinGary--DijiangHuang,N
KevinGary--SubbaraoKambhampati,N
KevinGary--JoohyungLee,N
KevinGary--YannHangLee,Y
KevinGary--BaoxinLi,N
KevinGary--TimLindquist,Y
KevinGary--RossMaciejewski,N
KevinGary--RyanMeuth,Y
KevinGary--PituMirchandani,Y
KevinGary--BrianNelson,Y
KevinGary--RongPan,Y
KevinGary--SethuramanPanchanathan,N
KevinGary--PaoloPapotti,N
KevinGary--GiuliaPedrielli,Y
KevinGary--FengboRen,Y
KevinGary--AndreaWRicha,N
KevinGary--GeorgeRunger,Y
KevinGary--HessamSarjoughian,N
KevinGary--MohamedSarwat,Y
KevinGary--ArunabhaSen,Y
KevinGary--PauloShakarian,N
KevinGary--AviralShrivastava,N
KevinGary--DanShunk,Y
KevinGary--VioletSyrotiuk,Y
KevinGary--HanghangTong,N
KevinGary--KurtVanLehn,N
KevinGary--JReneVillalobos,Y
KevinGary--SarmaVrudhula,N
KevinGary--ErinWalker,N
KevinGary--CaroleJeanWu,Y
KevinGary--TeresaWu,Y
KevinGary--GuoliangXue,N
KevinGary--YezhouYang,Y
KevinGary--StephenSYau,N
EsmaGel--JavierGonzalezSanchez,Y
EsmaGel--SandeepGupta,N
EsmaGel--DianneHansford,Y
EsmaGel--JingruiHe,Y
EsmaGel--DijiangHuang,N
EsmaGel--SubbaraoKambhampati,N
EsmaGel--JoohyungLee,N
EsmaGel--YannHangLee,Y
EsmaGel--BaoxinLi,N
EsmaGel--TimLindquist,Y
EsmaGel--RossMaciejewski,N
EsmaGel--RyanMeuth,Y
EsmaGel--PituMirchandani,Y
EsmaGel--BrianNelson,Y
EsmaGel--RongPan,Y
EsmaGel--SethuramanPanchanathan,N
EsmaGel--PaoloPapotti,N
EsmaGel--GiuliaPedrielli,Y
EsmaGel--FengboRen,Y
EsmaGel--AndreaWRicha,N
EsmaGel--GeorgeRunger,Y
EsmaGel--HessamSarjoughian,N
EsmaGel--MohamedSarwat,Y
EsmaGel--ArunabhaSen,Y
EsmaGel--PauloShakarian,N
EsmaGel--AviralShrivastava,N
EsmaGel--DanShunk,Y
EsmaGel--VioletSyrotiuk,Y
EsmaGel--HanghangTong,N
EsmaGel--KurtVanLehn,N
EsmaGel--JReneVillalobos,Y
EsmaGel--SarmaVrudhula,N
EsmaGel--ErinWalker,N
EsmaGel--CaroleJeanWu,Y
EsmaGel--TeresaWu,Y
EsmaGel--GuoliangXue,N
EsmaGel--YezhouYang,Y
EsmaGel--StephenSYau,N
JavierGonzalezSanchez--SandeepGupta,N
JavierGonzalezSanchez--DianneHansford,Y
JavierGonzalezSanchez--JingruiHe,Y
JavierGonzalezSanchez--DijiangHuang,N
JavierGonzalezSanchez--SubbaraoKambhampati,N
JavierGonzalezSanchez--JoohyungLee,N
JavierGonzalezSanchez--YannHangLee,Y
JavierGonzalezSanchez--BaoxinLi,N
JavierGonzalezSanchez--TimLindquist,Y
JavierGonzalezSanchez--RossMaciejewski,N
JavierGonzalezSanchez--RyanMeuth,Y
JavierGonzalezSanchez--PituMirchandani,Y
JavierGonzalezSanchez--BrianNelson,Y
JavierGonzalezSanchez--RongPan,Y
JavierGonzalezSanchez--SethuramanPanchanathan,N
JavierGonzalezSanchez--PaoloPapotti,N
JavierGonzalezSanchez--GiuliaPedrielli,Y
JavierGonzalezSanchez--FengboRen,Y
JavierGonzalezSanchez--AndreaWRicha,N
JavierGonzalezSanchez--GeorgeRunger,Y
JavierGonzalezSanchez--HessamSarjoughian,N
JavierGonzalezSanchez--MohamedSarwat,Y
JavierGonzalezSanchez--ArunabhaSen,Y
JavierGonzalezSanchez--PauloShakarian,N
JavierGonzalezSanchez--AviralShrivastava,N
JavierGonzalezSanchez--DanShunk,Y
JavierGonzalezSanchez--VioletSyrotiuk,Y
JavierGonzalezSanchez--HanghangTong,N
JavierGonzalezSanchez--KurtVanLehn,N
JavierGonzalezSanchez--JReneVillalobos,Y
JavierGonzalezSanchez--SarmaVrudhula,N
JavierGonzalezSanchez--ErinWalker,N
JavierGonzalezSanchez--CaroleJeanWu,Y
JavierGonzalezSanchez--TeresaWu,Y
JavierGonzalezSanchez--GuoliangXue,N
JavierGonzalezSanchez--YezhouYang,Y
JavierGonzalezSanchez--StephenSYau,N
SandeepGupta--DianneHansford,N
SandeepGupta--JingruiHe,N
SandeepGupta--DijiangHuang,Y
SandeepGupta--SubbaraoKambhampati,N
SandeepGupta--JoohyungLee,N
SandeepGupta--YannHangLee,N
SandeepGupta--BaoxinLi,N
SandeepGupta--TimLindquist,N
SandeepGupta--RossMaciejewski,N
SandeepGupta--RyanMeuth,N
SandeepGupta--PituMirchandani,N
SandeepGupta--BrianNelson,N
SandeepGupta--RongPan,N
SandeepGupta--SethuramanPanchanathan,N
SandeepGupta--PaoloPapotti,N
SandeepGupta--GiuliaPedrielli,N
SandeepGupta--FengboRen,N
SandeepGupta--AndreaWRicha,N
SandeepGupta--GeorgeRunger,N
SandeepGupta--HessamSarjoughian,N
SandeepGupta--MohamedSarwat,N
SandeepGupta--ArunabhaSen,N
SandeepGupta--PauloShakarian,N
SandeepGupta--AviralShrivastava,N
SandeepGupta--DanShunk,N
SandeepGupta--VioletSyrotiuk,N
SandeepGupta--HanghangTong,N
SandeepGupta--KurtVanLehn,N
SandeepGupta--JReneVillalobos,N
SandeepGupta--SarmaVrudhula,N
SandeepGupta--ErinWalker,N
SandeepGupta--CaroleJeanWu,N
SandeepGupta--TeresaWu,N
SandeepGupta--GuoliangXue,N
SandeepGupta--YezhouYang,N
SandeepGupta--StephenSYau,N
DianneHansford--JingruiHe,Y
DianneHansford--DijiangHuang,N
DianneHansford--SubbaraoKambhampati,N
DianneHansford--JoohyungLee,N
DianneHansford--YannHangLee,Y
DianneHansford--BaoxinLi,N
DianneHansford--TimLindquist,Y
DianneHansford--RossMaciejewski,N
DianneHansford--RyanMeuth,Y
DianneHansford--PituMirchandani,Y
DianneHansford--BrianNelson,Y
DianneHansford--RongPan,Y
DianneHansford--SethuramanPanchanathan,N
DianneHansford--PaoloPapotti,N
DianneHansford--GiuliaPedrielli,Y
DianneHansford--FengboRen,Y
DianneHansford--AndreaWRicha,N
DianneHansford--GeorgeRunger,Y
DianneHansford--HessamSarjoughian,N
DianneHansford--MohamedSarwat,Y
DianneHansford--ArunabhaSen,Y
DianneHansford--PauloShakarian,N
DianneHansford--AviralShrivastava,N
DianneHansford--DanShunk,Y
DianneHansford--VioletSyrotiuk,Y
DianneHansford--HanghangTong,N
DianneHansford--KurtVanLehn,N
DianneHansford--JReneVillalobos,Y
DianneHansford--SarmaVrudhula,N
DianneHansford--ErinWalker,N
DianneHansford--CaroleJeanWu,Y
DianneHansford--TeresaWu,Y
DianneHansford--GuoliangXue,N
DianneHansford--YezhouYang,Y
DianneHansford--StephenSYau,N
JingruiHe--DijiangHuang,N
JingruiHe--SubbaraoKambhampati,N
JingruiHe--JoohyungLee,N
JingruiHe--YannHangLee,Y
JingruiHe--BaoxinLi,N
JingruiHe--TimLindquist,Y
JingruiHe--RossMaciejewski,N
JingruiHe--RyanMeuth,Y
JingruiHe--PituMirchandani,Y
JingruiHe--BrianNelson,Y
JingruiHe--RongPan,Y
JingruiHe--SethuramanPanchanathan,N
JingruiHe--PaoloPapotti,N
JingruiHe--GiuliaPedrielli,Y
JingruiHe--FengboRen,Y
JingruiHe--AndreaWRicha,N
JingruiHe--GeorgeRunger,Y
JingruiHe--HessamSarjoughian,N
JingruiHe--MohamedSarwat,Y
JingruiHe--ArunabhaSen,Y
JingruiHe--PauloShakarian,N
JingruiHe--AviralShrivastava,N
JingruiHe--DanShunk,Y
JingruiHe--VioletSyrotiuk,Y
JingruiHe--HanghangTong,N
JingruiHe--KurtVanLehn,N
JingruiHe--JReneVillalobos,Y
JingruiHe--SarmaVrudhula,N
JingruiHe--ErinWalker,N
JingruiHe--CaroleJeanWu,Y
JingruiHe--TeresaWu,Y
JingruiHe--GuoliangXue,N
JingruiHe--YezhouYang,Y
JingruiHe--StephenSYau,N
DijiangHuang--SubbaraoKambhampati,N
DijiangHuang--JoohyungLee,N
DijiangHuang--YannHangLee,N
DijiangHuang--BaoxinLi,N
DijiangHuang--TimLindquist,N
DijiangHuang--RossMaciejewski,N
DijiangHuang--RyanMeuth,N
DijiangHuang--PituMirchandani,N
DijiangHuang--BrianNelson,N
DijiangHuang--RongPan,N
DijiangHuang--SethuramanPanchanathan,N
DijiangHuang--PaoloPapotti,N
DijiangHuang--GiuliaPedrielli,N
DijiangHuang--FengboRen,N
DijiangHuang--AndreaWRicha,N
DijiangHuang--GeorgeRunger,N
DijiangHuang--HessamSarjoughian,N
DijiangHuang--MohamedSarwat,N
DijiangHuang--ArunabhaSen,N
DijiangHuang--PauloShakarian,N
DijiangHuang--AviralShrivastava,N
DijiangHuang--DanShunk,N
DijiangHuang--VioletSyrotiuk,N
DijiangHuang--HanghangTong,N
DijiangHuang--KurtVanLehn,N
DijiangHuang--JReneVillalobos,N
DijiangHuang--SarmaVrudhula,N
DijiangHuang--ErinWalker,N
DijiangHuang--CaroleJeanWu,N
DijiangHuang--TeresaWu,N
DijiangHuang--GuoliangXue,N
DijiangHuang--YezhouYang,N
DijiangHuang--StephenSYau,N
SubbaraoKambhampati--JoohyungLee,N
SubbaraoKambhampati--YannHangLee,N
SubbaraoKambhampati--BaoxinLi,N
SubbaraoKambhampati--TimLindquist,N
SubbaraoKambhampati--RossMaciejewski,N
SubbaraoKambhampati--RyanMeuth,N
SubbaraoKambhampati--PituMirchandani,N
SubbaraoKambhampati--BrianNelson,N
SubbaraoKambhampati--RongPan,N
SubbaraoKambhampati--SethuramanPanchanathan,N
SubbaraoKambhampati--PaoloPapotti,N
SubbaraoKambhampati--GiuliaPedrielli,N
SubbaraoKambhampati--FengboRen,N
SubbaraoKambhampati--AndreaWRicha,N
SubbaraoKambhampati--GeorgeRunger,N
SubbaraoKambhampati--HessamSarjoughian,N
SubbaraoKambhampati--MohamedSarwat,N
SubbaraoKambhampati--ArunabhaSen,N
SubbaraoKambhampati--PauloShakarian,N
SubbaraoKambhampati--AviralShrivastava,N
SubbaraoKambhampati--DanShunk,N
SubbaraoKambhampati--VioletSyrotiuk,N
SubbaraoKambhampati--HanghangTong,N
SubbaraoKambhampati--KurtVanLehn,N
SubbaraoKambhampati--JReneVillalobos,N
SubbaraoKambhampati--SarmaVrudhula,N
SubbaraoKambhampati--ErinWalker,N
SubbaraoKambhampati--CaroleJeanWu,N
SubbaraoKambhampati--TeresaWu,N
SubbaraoKambhampati--GuoliangXue,N
SubbaraoKambhampati--YezhouYang,N
SubbaraoKambhampati--StephenSYau,N
JoohyungLee--YannHangLee,N
JoohyungLee--BaoxinLi,N
JoohyungLee--TimLindquist,N
JoohyungLee--RossMaciejewski,N
JoohyungLee--RyanMeuth,N
JoohyungLee--PituMirchandani,N
JoohyungLee--BrianNelson,N
JoohyungLee--RongPan,N
JoohyungLee--SethuramanPanchanathan,N
JoohyungLee--PaoloPapotti,N
JoohyungLee--GiuliaPedrielli,N
JoohyungLee--FengboRen,N
JoohyungLee--AndreaWRicha,N
JoohyungLee--GeorgeRunger,N
JoohyungLee--HessamSarjoughian,N
JoohyungLee--MohamedSarwat,N
JoohyungLee--ArunabhaSen,N
JoohyungLee--PauloShakarian,Y
JoohyungLee--AviralShrivastava,N
JoohyungLee--DanShunk,N
JoohyungLee--VioletSyrotiuk,N
JoohyungLee--HanghangTong,N
JoohyungLee--KurtVanLehn,N
JoohyungLee--JReneVillalobos,N
JoohyungLee--SarmaVrudhula,N
JoohyungLee--ErinWalker,N
JoohyungLee--CaroleJeanWu,N
JoohyungLee--TeresaWu,N
JoohyungLee--GuoliangXue,N
JoohyungLee--YezhouYang,N
JoohyungLee--StephenSYau,N
YannHangLee--BaoxinLi,N
YannHangLee--TimLindquist,Y
YannHangLee--RossMaciejewski,N
YannHangLee--RyanMeuth,Y
YannHangLee--PituMirchandani,Y
YannHangLee--BrianNelson,Y
YannHangLee--RongPan,Y
YannHangLee--SethuramanPanchanathan,N
YannHangLee--PaoloPapotti,N
YannHangLee--GiuliaPedrielli,Y
YannHangLee--FengboRen,Y
YannHangLee--AndreaWRicha,N
YannHangLee--GeorgeRunger,Y
YannHangLee--HessamSarjoughian,N
YannHangLee--MohamedSarwat,Y
YannHangLee--ArunabhaSen,Y
YannHangLee--PauloShakarian,N
YannHangLee--AviralShrivastava,N
YannHangLee--DanShunk,Y
YannHangLee--VioletSyrotiuk,Y
YannHangLee--HanghangTong,N
YannHangLee--KurtVanLehn,N
YannHangLee--JReneVillalobos,Y
YannHangLee--SarmaVrudhula,N
YannHangLee--ErinWalker,N
YannHangLee--CaroleJeanWu,Y
YannHangLee--TeresaWu,Y
YannHangLee--GuoliangXue,N
YannHangLee--YezhouYang,Y
YannHangLee--StephenSYau,N
BaoxinLi--TimLindquist,N
BaoxinLi--RossMaciejewski,N
BaoxinLi--RyanMeuth,N
BaoxinLi--PituMirchandani,N
BaoxinLi--BrianNelson,N
BaoxinLi--RongPan,N
BaoxinLi--SethuramanPanchanathan,Y
BaoxinLi--PaoloPapotti,N
BaoxinLi--GiuliaPedrielli,N
BaoxinLi--FengboRen,N
BaoxinLi--AndreaWRicha,N
BaoxinLi--GeorgeRunger,N
BaoxinLi--HessamSarjoughian,N
BaoxinLi--MohamedSarwat,N
BaoxinLi--ArunabhaSen,N
BaoxinLi--PauloShakarian,N
BaoxinLi--AviralShrivastava,N
BaoxinLi--DanShunk,N
BaoxinLi--VioletSyrotiuk,N
BaoxinLi--HanghangTong,N
BaoxinLi--KurtVanLehn,N
BaoxinLi--JReneVillalobos,N
BaoxinLi--SarmaVrudhula,N
BaoxinLi--ErinWalker,N
BaoxinLi--CaroleJeanWu,N
BaoxinLi--TeresaWu,N
BaoxinLi--GuoliangXue,N
BaoxinLi--YezhouYang,N
BaoxinLi--StephenSYau,N
TimLindquist--RossMaciejewski,N
TimLindquist--RyanMeuth,Y
TimLindquist--PituMirchandani,Y
TimLindquist--BrianNelson,Y
TimLindquist--RongPan,Y
TimLindquist--SethuramanPanchanathan,N
TimLindquist--PaoloPapotti,N
TimLindquist--GiuliaPedrielli,Y
TimLindquist--FengboRen,Y
TimLindquist--AndreaWRicha,N
TimLindquist--GeorgeRunger,Y
TimLindquist--HessamSarjoughian,N
TimLindquist--MohamedSarwat,Y
TimLindquist--ArunabhaSen,Y
TimLindquist--PauloShakarian,N
TimLindquist--AviralShrivastava,N
TimLindquist--DanShunk,Y
TimLindquist--VioletSyrotiuk,Y
TimLindquist--HanghangTong,N
TimLindquist--KurtVanLehn,N
TimLindquist--JReneVillalobos,Y
TimLindquist--SarmaVrudhula,N
TimLindquist--ErinWalker,N
TimLindquist--CaroleJeanWu,Y
TimLindquist--TeresaWu,Y
TimLindquist--GuoliangXue,N
TimLindquist--YezhouYang,Y
TimLindquist--StephenSYau,N
RossMaciejewski--RyanMeuth,N
RossMaciejewski--PituMirchandani,N
RossMaciejewski--BrianNelson,N
RossMaciejewski--RongPan,N
RossMaciejewski--SethuramanPanchanathan,N
RossMaciejewski--PaoloPapotti,Y
RossMaciejewski--GiuliaPedrielli,N
RossMaciejewski--FengboRen,N
RossMaciejewski--AndreaWRicha,N
RossMaciejewski--GeorgeRunger,N
RossMaciejewski--HessamSarjoughian,N
RossMaciejewski--MohamedSarwat,N
RossMaciejewski--ArunabhaSen,N
RossMaciejewski--PauloShakarian,N
RossMaciejewski--AviralShrivastava,N
RossMaciejewski--DanShunk,N
RossMaciejewski--VioletSyrotiuk,N
RossMaciejewski--HanghangTong,N
RossMaciejewski--KurtVanLehn,N
RossMaciejewski--JReneVillalobos,N
RossMaciejewski--SarmaVrudhula,N
RossMaciejewski--ErinWalker,N
RossMaciejewski--CaroleJeanWu,N
RossMaciejewski--TeresaWu,N
RossMaciejewski--GuoliangXue,N
RossMaciejewski--YezhouYang,N
RossMaciejewski--StephenSYau,N
RyanMeuth--PituMirchandani,Y
RyanMeuth--BrianNelson,Y
RyanMeuth--RongPan,Y
RyanMeuth--SethuramanPanchanathan,N
RyanMeuth--PaoloPapotti,N
RyanMeuth--GiuliaPedrielli,Y
RyanMeuth--FengboRen,Y
RyanMeuth--AndreaWRicha,N
RyanMeuth--GeorgeRunger,Y
RyanMeuth--HessamSarjoughian,N
RyanMeuth--MohamedSarwat,Y
RyanMeuth--ArunabhaSen,Y
RyanMeuth--PauloShakarian,N
RyanMeuth--AviralShrivastava,N
RyanMeuth--DanShunk,Y
RyanMeuth--VioletSyrotiuk,Y
RyanMeuth--HanghangTong,N
RyanMeuth--KurtVanLehn,N
RyanMeuth--JReneVillalobos,Y
RyanMeuth--SarmaVrudhula,N
RyanMeuth--ErinWalker,N
RyanMeuth--CaroleJeanWu,Y
RyanMeuth--TeresaWu,Y
RyanMeuth--GuoliangXue,N
RyanMeuth--YezhouYang,Y
RyanMeuth--StephenSYau,N
PituMirchandani--BrianNelson,Y
PituMirchandani--RongPan,Y
PituMirchandani--SethuramanPanchanathan,N
PituMirchandani--PaoloPapotti,N
PituMirchandani--GiuliaPedrielli,Y
PituMirchandani--FengboRen,Y
PituMirchandani--AndreaWRicha,N
PituMirchandani--GeorgeRunger,Y
PituMirchandani--HessamSarjoughian,N
PituMirchandani--MohamedSarwat,Y
PituMirchandani--ArunabhaSen,Y
PituMirchandani--PauloShakarian,N
PituMirchandani--AviralShrivastava,N
PituMirchandani--DanShunk,Y
PituMirchandani--VioletSyrotiuk,Y
PituMirchandani--HanghangTong,N
PituMirchandani--KurtVanLehn,N
PituMirchandani--JReneVillalobos,Y
PituMirchandani--SarmaVrudhula,N
PituMirchandani--ErinWalker,N
PituMirchandani--CaroleJeanWu,Y
PituMirchandani--TeresaWu,Y
PituMirchandani--GuoliangXue,N
PituMirchandani--YezhouYang,Y
PituMirchandani--StephenSYau,N
BrianNelson--RongPan,Y
BrianNelson--SethuramanPanchanathan,N
BrianNelson--PaoloPapotti,N
BrianNelson--GiuliaPedrielli,Y
BrianNelson--FengboRen,Y
BrianNelson--AndreaWRicha,N
BrianNelson--GeorgeRunger,Y
BrianNelson--HessamSarjoughian,N
BrianNelson--MohamedSarwat,Y
BrianNelson--ArunabhaSen,Y
BrianNelson--PauloShakarian,N
BrianNelson--AviralShrivastava,N
BrianNelson--DanShunk,Y
BrianNelson--VioletSyrotiuk,Y
BrianNelson--HanghangTong,N
BrianNelson--KurtVanLehn,N
BrianNelson--JReneVillalobos,Y
BrianNelson--SarmaVrudhula,N
BrianNelson--ErinWalker,N
BrianNelson--CaroleJeanWu,Y
BrianNelson--TeresaWu,Y
BrianNelson--GuoliangXue,N
BrianNelson--YezhouYang,Y
BrianNelson--StephenSYau,N
RongPan--SethuramanPanchanathan,N
RongPan--PaoloPapotti,N
RongPan--GiuliaPedrielli,Y
RongPan--FengboRen,Y
RongPan--AndreaWRicha,N
RongPan--GeorgeRunger,Y
RongPan--HessamSarjoughian,N
RongPan--MohamedSarwat,Y
RongPan--ArunabhaSen,Y
RongPan--PauloShakarian,N
RongPan--AviralShrivastava,N
RongPan--DanShunk,Y
RongPan--VioletSyrotiuk,Y
RongPan--HanghangTong,N
RongPan--KurtVanLehn,N
RongPan--JReneVillalobos,Y
RongPan--SarmaVrudhula,N
RongPan--ErinWalker,N
RongPan--CaroleJeanWu,Y
RongPan--TeresaWu,Y
RongPan--GuoliangXue,N
RongPan--YezhouYang,Y
RongPan--StephenSYau,N
SethuramanPanchanathan--PaoloPapotti,N
SethuramanPanchanathan--GiuliaPedrielli,N
SethuramanPanchanathan--FengboRen,N
SethuramanPanchanathan--AndreaWRicha,N
SethuramanPanchanathan--GeorgeRunger,N
SethuramanPanchanathan--HessamSarjoughian,N
SethuramanPanchanathan--MohamedSarwat,N
SethuramanPanchanathan--ArunabhaSen,N
SethuramanPanchanathan--PauloShakarian,N
SethuramanPanchanathan--AviralShrivastava,N
SethuramanPanchanathan--DanShunk,N
SethuramanPanchanathan--VioletSyrotiuk,N
SethuramanPanchanathan--HanghangTong,N
SethuramanPanchanathan--KurtVanLehn,N
SethuramanPanchanathan--JReneVillalobos,N
SethuramanPanchanathan--SarmaVrudhula,N
SethuramanPanchanathan--ErinWalker,N
SethuramanPanchanathan--CaroleJeanWu,N
SethuramanPanchanathan--TeresaWu,N
SethuramanPanchanathan--GuoliangXue,N
SethuramanPanchanathan--YezhouYang,N
SethuramanPanchanathan--StephenSYau,N
PaoloPapotti--GiuliaPedrielli,N
PaoloPapotti--FengboRen,N
PaoloPapotti--AndreaWRicha,N
PaoloPapotti--GeorgeRunger,N
PaoloPapotti--HessamSarjoughian,N
PaoloPapotti--MohamedSarwat,N
PaoloPapotti--ArunabhaSen,N
PaoloPapotti--PauloShakarian,N
PaoloPapotti--AviralShrivastava,N
PaoloPapotti--DanShunk,N
PaoloPapotti--VioletSyrotiuk,N
PaoloPapotti--HanghangTong,N
PaoloPapotti--KurtVanLehn,N
PaoloPapotti--JReneVillalobos,N
PaoloPapotti--SarmaVrudhula,N
PaoloPapotti--ErinWalker,N
PaoloPapotti--CaroleJeanWu,N
PaoloPapotti--TeresaWu,N
PaoloPapotti--GuoliangXue,N
PaoloPapotti--YezhouYang,N
PaoloPapotti--StephenSYau,N
GiuliaPedrielli--FengboRen,Y
GiuliaPedrielli--AndreaWRicha,N
GiuliaPedrielli--GeorgeRunger,Y
GiuliaPedrielli--HessamSarjoughian,N
GiuliaPedrielli--MohamedSarwat,Y
GiuliaPedrielli--ArunabhaSen,Y
GiuliaPedrielli--PauloShakarian,N
GiuliaPedrielli--AviralShrivastava,N
GiuliaPedrielli--DanShunk,Y
GiuliaPedrielli--VioletSyrotiuk,Y
GiuliaPedrielli--HanghangTong,N
GiuliaPedrielli--KurtVanLehn,N
GiuliaPedrielli--JReneVillalobos,Y
GiuliaPedrielli--SarmaVrudhula,N
GiuliaPedrielli--ErinWalker,N
GiuliaPedrielli--CaroleJeanWu,Y
GiuliaPedrielli--TeresaWu,Y
GiuliaPedrielli--GuoliangXue,N
GiuliaPedrielli--YezhouYang,Y
GiuliaPedrielli--StephenSYau,N
FengboRen--AndreaWRicha,N
FengboRen--GeorgeRunger,Y
FengboRen--HessamSarjoughian,N
FengboRen--MohamedSarwat,Y
FengboRen--ArunabhaSen,Y
FengboRen--PauloShakarian,N
FengboRen--AviralShrivastava,N
FengboRen--DanShunk,Y
FengboRen--VioletSyrotiuk,Y
FengboRen--HanghangTong,N
FengboRen--KurtVanLehn,N
FengboRen--JReneVillalobos,Y
FengboRen--SarmaVrudhula,N
FengboRen--ErinWalker,N
FengboRen--CaroleJeanWu,Y
FengboRen--TeresaWu,Y
FengboRen--GuoliangXue,N
FengboRen--YezhouYang,Y
FengboRen--StephenSYau,N
AndreaWRicha--GeorgeRunger,N
AndreaWRicha--HessamSarjoughian,N
AndreaWRicha--MohamedSarwat,N
AndreaWRicha--ArunabhaSen,N
AndreaWRicha--PauloShakarian,N
AndreaWRicha--AviralShrivastava,N
AndreaWRicha--DanShunk,N
AndreaWRicha--VioletSyrotiuk,N
AndreaWRicha--HanghangTong,N
AndreaWRicha--KurtVanLehn,N
AndreaWRicha--JReneVillalobos,N
AndreaWRicha--SarmaVrudhula,N
AndreaWRicha--ErinWalker,N
AndreaWRicha--CaroleJeanWu,N
AndreaWRicha--TeresaWu,N
AndreaWRicha--GuoliangXue,N
AndreaWRicha--YezhouYang,N
AndreaWRicha--StephenSYau,N
GeorgeRunger--HessamSarjoughian,N
GeorgeRunger--MohamedSarwat,Y
GeorgeRunger--ArunabhaSen,Y
GeorgeRunger--PauloShakarian,N
GeorgeRunger--AviralShrivastava,N
GeorgeRunger--DanShunk,Y
GeorgeRunger--VioletSyrotiuk,Y
GeorgeRunger--HanghangTong,N
GeorgeRunger--KurtVanLehn,N
GeorgeRunger--JReneVillalobos,Y
GeorgeRunger--SarmaVrudhula,N
GeorgeRunger--ErinWalker,N
GeorgeRunger--CaroleJeanWu,Y
GeorgeRunger--TeresaWu,Y
GeorgeRunger--GuoliangXue,N
GeorgeRunger--YezhouYang,Y
GeorgeRunger--StephenSYau,N
HessamSarjoughian--MohamedSarwat,N
HessamSarjoughian--ArunabhaSen,N
HessamSarjoughian--PauloShakarian,N
HessamSarjoughian--AviralShrivastava,N
HessamSarjoughian--DanShunk,N
HessamSarjoughian--VioletSyrotiuk,N
HessamSarjoughian--HanghangTong,N
HessamSarjoughian--KurtVanLehn,N
HessamSarjoughian--JReneVillalobos,N
HessamSarjoughian--SarmaVrudhula,N
HessamSarjoughian--ErinWalker,N
HessamSarjoughian--CaroleJeanWu,N
HessamSarjoughian--TeresaWu,N
HessamSarjoughian--GuoliangXue,N
HessamSarjoughian--YezhouYang,N
HessamSarjoughian--StephenSYau,N
MohamedSarwat--ArunabhaSen,Y
MohamedSarwat--PauloShakarian,N
MohamedSarwat--AviralShrivastava,N
MohamedSarwat--DanShunk,Y
MohamedSarwat--VioletSyrotiuk,Y
MohamedSarwat--HanghangTong,N
MohamedSarwat--KurtVanLehn,N
MohamedSarwat--JReneVillalobos,Y
MohamedSarwat--SarmaVrudhula,N
MohamedSarwat--ErinWalker,N
MohamedSarwat--CaroleJeanWu,Y
MohamedSarwat--TeresaWu,Y
MohamedSarwat--GuoliangXue,N
MohamedSarwat--YezhouYang,Y
MohamedSarwat--StephenSYau,N
ArunabhaSen--PauloShakarian,N
ArunabhaSen--AviralShrivastava,N
ArunabhaSen--DanShunk,Y
ArunabhaSen--VioletSyrotiuk,Y
ArunabhaSen--HanghangTong,N
ArunabhaSen--KurtVanLehn,N
ArunabhaSen--JReneVillalobos,Y
ArunabhaSen--SarmaVrudhula,N
ArunabhaSen--ErinWalker,N
ArunabhaSen--CaroleJeanWu,Y
ArunabhaSen--TeresaWu,Y
ArunabhaSen--GuoliangXue,N
ArunabhaSen--YezhouYang,Y
ArunabhaSen--StephenSYau,N
PauloShakarian--AviralShrivastava,N
PauloShakarian--DanShunk,N
PauloShakarian--VioletSyrotiuk,N
PauloShakarian--HanghangTong,N
PauloShakarian--KurtVanLehn,N
PauloShakarian--JReneVillalobos,N
PauloShakarian--SarmaVrudhula,N
PauloShakarian--ErinWalker,N
PauloShakarian--CaroleJeanWu,N
PauloShakarian--TeresaWu,N
PauloShakarian--GuoliangXue,N
PauloShakarian--YezhouYang,N
PauloShakarian--StephenSYau,N
AviralShrivastava--DanShunk,N
AviralShrivastava--VioletSyrotiuk,N
AviralShrivastava--HanghangTong,N
AviralShrivastava--KurtVanLehn,N
AviralShrivastava--JReneVillalobos,N
AviralShrivastava--SarmaVrudhula,N
AviralShrivastava--ErinWalker,N
AviralShrivastava--CaroleJeanWu,N
AviralShrivastava--TeresaWu,N
AviralShrivastava--GuoliangXue,N
AviralShrivastava--YezhouYang,N
AviralShrivastava--StephenSYau,N
DanShunk--VioletSyrotiuk,Y
DanShunk--HanghangTong,N
DanShunk--KurtVanLehn,N
DanShunk--JReneVillalobos,Y
DanShunk--SarmaVrudhula,N
DanShunk--ErinWalker,N
DanShunk--CaroleJeanWu,Y
DanShunk--TeresaWu,Y
DanShunk--GuoliangXue,N
DanShunk--YezhouYang,Y
DanShunk--StephenSYau,N
VioletSyrotiuk--HanghangTong,N
VioletSyrotiuk--KurtVanLehn,N
VioletSyrotiuk--JReneVillalobos,Y
VioletSyrotiuk--SarmaVrudhula,N
VioletSyrotiuk--ErinWalker,N
VioletSyrotiuk--CaroleJeanWu,Y
VioletSyrotiuk--TeresaWu,Y
VioletSyrotiuk--GuoliangXue,N
VioletSyrotiuk--YezhouYang,Y
VioletSyrotiuk--StephenSYau,N
HanghangTong--KurtVanLehn,N
HanghangTong--JReneVillalobos,N
HanghangTong--SarmaVrudhula,N
HanghangTong--ErinWalker,N
HanghangTong--CaroleJeanWu,N
HanghangTong--TeresaWu,N
HanghangTong--GuoliangXue,N
HanghangTong--YezhouYang,N
HanghangTong--StephenSYau,N
KurtVanLehn--JReneVillalobos,N
KurtVanLehn--SarmaVrudhula,N
KurtVanLehn--ErinWalker,Y
KurtVanLehn--CaroleJeanWu,N
KurtVanLehn--TeresaWu,N
KurtVanLehn--GuoliangXue,N
KurtVanLehn--YezhouYang,N
KurtVanLehn--StephenSYau,N
JReneVillalobos--SarmaVrudhula,N
JReneVillalobos--ErinWalker,N
JReneVillalobos--CaroleJeanWu,Y
JReneVillalobos--TeresaWu,Y
JReneVillalobos--GuoliangXue,N
JReneVillalobos--YezhouYang,Y
JReneVillalobos--StephenSYau,N
SarmaVrudhula--ErinWalker,N
SarmaVrudhula--CaroleJeanWu,N
SarmaVrudhula--TeresaWu,N
SarmaVrudhula--GuoliangXue,N
SarmaVrudhula--YezhouYang,N
SarmaVrudhula--StephenSYau,N
ErinWalker--CaroleJeanWu,N
ErinWalker--TeresaWu,N
ErinWalker--GuoliangXue,N
ErinWalker--YezhouYang,N
ErinWalker--StephenSYau,N
CaroleJeanWu--TeresaWu,Y
CaroleJeanWu--GuoliangXue,N
CaroleJeanWu--YezhouYang,Y
CaroleJeanWu--StephenSYau,N
TeresaWu--GuoliangXue,N
TeresaWu--YezhouYang,Y
TeresaWu--StephenSYau,N
GuoliangXue--YezhouYang,N
GuoliangXue--StephenSYau,N
YezhouYang--StephenSYau,N
